timestamp,water_pressure_bar,outdoor_temp_c,circuit_flow_temp_c,energy_manager_state,circuit_state,connected,zone_name,zone_current_temp_c,zone_target_temp_c,zone_humidity_pct,zone_heating_state,dhw_current_temp_c,dhw_target_temp_c,dhw_operation_mode,dhw_current_special_function
2026-03-01 01:11:13,1.8,5.0,35.5,HEATING,HEATING,True,ZONE 1,17.75,18.0,,,45.0,45.0,TIME_CONTROLLED,REGULAR
2026-03-01 03:47:57,1.4,3.68,33.0,STANDBY,STANDBY,True,ZONE 1,17.9375,17.5,,,43.5,45.0,TIME_CONTROLLED,REGULAR
2026-03-01 05:10:44,1.7,4.02,36.5,HEATING,HEATING,True,ZONE 1,17.5625,19.0,,,42.5,45.0,TIME_CONTROLLED,REGULAR
2026-03-01 06:02:51,1.9,3.51,46.0,HEATING,HEATING,True,ZONE 1,17.9375,19.0,,,42.0,45.0,TIME_CONTROLLED,REGULAR
2026-03-01 07:03:12,1.9,5.07,40.5,HEATING,HEATING,True,ZONE 1,18.25,19.0,,,39.0,45.0,TIME_CONTROLLED,REGULAR
2026-03-01 07:45:49,1.9,6.13,35.5,HEATING,HEATING,True,ZONE 1,18.375,19.0,,,39.0,45.0,TIME_CONTROLLED,REGULAR
2026-03-01 08:26:45,1.9,7.16,36.0,HEATING,HEATING,True,ZONE 1,18.625,19.0,,,38.5,45.0,TIME_CONTROLLED,REGULAR
2026-03-01 08:52:44,1.9,8.28,42.0,HEATING,HEATING,True,ZONE 1,18.625,19.0,,,38.5,45.0,TIME_CONTROLLED,REGULAR
2026-03-01 09:18:20,1.9,10.02,38.0,HEATING,HEATING,True,ZONE 1,18.6875,19.0,,,38.0,45.0,TIME_CONTROLLED,REGULAR
2026-03-01 09:50:15,1.8,10.02,37.5,HEATING,HEATING,True,ZONE 1,18.6875,19.0,,,38.0,45.0,TIME_CONTROLLED,REGULAR
2026-03-01 10:13:39,1.5,11.12,56.0,STANDBY,STANDBY,True,ZONE 1,18.8125,17.5,,,43.0,45.0,TIME_CONTROLLED,REGULAR
2026-03-01 10:43:57,1.5,12.08,47.5,STANDBY,STANDBY,True,ZONE 1,18.0625,17.5,,,43.0,45.0,TIME_CONTROLLED,REGULAR
2026-03-01 11:14:52,1.4,12.05,41.0,STANDBY,STANDBY,True,ZONE 1,18.25,17.5,,,42.5,45.0,TIME_CONTROLLED,REGULAR
2026-03-01 11:32:55,1.4,12.05,37.0,STANDBY,STANDBY,True,ZONE 1,17.75,17.5,,,42.5,45.0,TIME_CONTROLLED,REGULAR
2026-03-01 11:52:58,1.8,12.36,31.5,HEATING,HEATING,True,ZONE 1,17.125,17.5,,,42.0,45.0,TIME_CONTROLLED,REGULAR
2026-03-01 12:23:07,1.8,12.55,31.0,HEATING,HEATING,True,ZONE 1,16.75,17.5,,,42.0,45.0,TIME_CONTROLLED,REGULAR
2026-03-01 13:13:30,1.8,12.61,34.5,HEATING,HEATING,True,ZONE 1,17.5625,19.0,,,41.5,45.0,TIME_CONTROLLED,REGULAR
2026-03-01 13:49:25,1.8,12.0,35.5,HEATING,HEATING,True,ZONE 1,17.0,19.0,,,40.0,45.0,TIME_CONTROLLED,REGULAR
2026-03-01 14:14:42,1.8,11.65,34.0,HEATING,HEATING,True,ZONE 1,17.8125,19.0,,,38.5,45.0,TIME_CONTROLLED,REGULAR
2026-03-01 14:42:32,1.8,11.34,35.5,HEATING,HEATING,True,ZONE 1,17.9375,19.0,,,37.5,45.0,TIME_CONTROLLED,REGULAR
2026-03-01 15:16:01,1.4,11.34,30.5,STANDBY,STANDBY,True,ZONE 1,18.0625,17.5,,,35.5,45.0,TIME_CONTROLLED,REGULAR
2026-03-01 15:39:14,1.4,10.87,29.0,STANDBY,STANDBY,True,ZONE 1,18.1875,17.5,,,34.5,45.0,TIME_CONTROLLED,REGULAR
2026-03-01 15:54:30,1.4,10.87,28.0,STANDBY,STANDBY,True,ZONE 1,18.1875,17.5,,,34.0,45.0,TIME_CONTROLLED,REGULAR
2026-03-01 16:14:40,1.7,9.99,28.5,HEATING,HEATING,True,ZONE 1,18.1875,19.0,,,34.0,45.0,TIME_CONTROLLED,REGULAR
2026-03-01 16:45:21,1.8,9.03,38.5,HEATING,HEATING,True,ZONE 1,18.25,19.0,,,33.5,45.0,TIME_CONTROLLED,REGULAR
2026-03-01 17:22:42,1.9,7.88,38.0,HEATING,HEATING,True,ZONE 1,18.375,19.0,,,47.0,45.0,TIME_CONTROLLED,REGULAR
2026-03-01 17:45:31,1.9,7.88,42.5,HEATING,HEATING,True,ZONE 1,18.4375,19.0,,,47.0,45.0,TIME_CONTROLLED,REGULAR
2026-03-01 18:19:53,1.9,7.66,41.5,HEATING,HEATING,True,ZONE 1,18.6875,19.0,,,47.0,45.0,TIME_CONTROLLED,REGULAR
2026-03-01 18:55:29,1.9,7.44,42.5,HEATING,HEATING,True,ZONE 1,18.875,19.0,,,46.5,45.0,TIME_CONTROLLED,CYLINDER_BOOST
2026-03-01 19:15:13,1.9,7.44,33.0,HEATING,HEATING,True,ZONE 1,19.0625,19.0,,,46.5,45.0,TIME_CONTROLLED,CYLINDER_BOOST
2026-03-01 19:34:18,1.9,7.17,41.5,HEATING,HEATING,True,ZONE 1,18.9375,19.0,,,40.0,45.0,TIME_CONTROLLED,REGULAR
2026-03-01 19:52:29,1.9,7.17,36.0,HEATING,HEATING,True,ZONE 1,19.0625,19.0,,,38.5,45.0,TIME_CONTROLLED,CYLINDER_BOOST
2026-03-01 20:13:42,1.9,6.93,79.5,HEATING,HEATING,True,ZONE 1,18.4375,19.0,,,35.0,45.0,TIME_CONTROLLED,CYLINDER_BOOST
2026-03-01 20:41:55,1.9,6.71,39.5,HEATING,HEATING,True,ZONE 1,18.6875,19.0,,,46.5,45.0,TIME_CONTROLLED,CYLINDER_BOOST
2026-03-01 20:57:14,1.9,6.71,42.0,HEATING,HEATING,True,ZONE 1,18.8125,19.0,,,46.5,45.0,TIME_CONTROLLED,REGULAR
2026-03-01 21:17:32,1.9,6.71,35.5,HEATING,HEATING,True,ZONE 1,18.875,19.0,,,46.5,45.0,TIME_CONTROLLED,REGULAR
2026-03-01 21:42:57,1.9,6.52,42.5,HEATING,HEATING,True,ZONE 1,18.875,19.0,,,46.5,45.0,TIME_CONTROLLED,REGULAR
2026-03-01 22:12:32,1.9,6.32,39.0,HEATING,HEATING,True,ZONE 1,18.9375,19.0,,,46.0,45.0,TIME_CONTROLLED,REGULAR
2026-03-01 22:40:26,1.9,5.89,39.0,HEATING,HEATING,True,ZONE 1,18.9375,19.0,,,45.5,45.0,TIME_CONTROLLED,REGULAR
2026-03-01 22:57:05,1.9,5.89,39.0,HEATING,HEATING,True,ZONE 1,18.9375,19.0,,,45.5,45.0,TIME_CONTROLLED,REGULAR
2026-03-01 23:17:22,1.5,5.4,35.0,STANDBY,STANDBY,True,ZONE 1,18.875,17.5,,,45.5,45.0,TIME_CONTROLLED,REGULAR
2026-03-01 23:43:56,1.4,4.83,32.5,STANDBY,STANDBY,True,ZONE 1,18.6875,17.5,,,45.0,45.0,TIME_CONTROLLED,REGULAR
2026-03-02 01:16:13,1.4,3.46,25.0,STANDBY,STANDBY,True,ZONE 1,18.1875,18.0,,,44.0,45.0,TIME_CONTROLLED,REGULAR
2026-03-02 03:38:45,1.4,2.31,33.0,STANDBY,STANDBY,True,ZONE 1,18.0,17.5,,,42.5,45.0,TIME_CONTROLLED,REGULAR
2026-03-02 05:06:49,1.7,1.78,26.0,HEATING,HEATING,True,ZONE 1,17.625,19.0,,,41.5,45.0,TIME_CONTROLLED,REGULAR
2026-03-02 06:05:40,1.9,1.59,47.5,HEATING,HEATING,True,ZONE 1,17.625,19.0,,,38.5,45.0,TIME_CONTROLLED,REGULAR
2026-03-02 07:15:06,1.9,2.49,46.5,HEATING,HEATING,True,ZONE 1,18.25,19.0,,,47.0,45.0,TIME_CONTROLLED,REGULAR
2026-03-02 07:55:41,2.0,3.91,43.5,HEATING,HEATING,True,ZONE 1,18.625,19.0,,,47.0,45.0,TIME_CONTROLLED,REGULAR
2026-03-02 08:32:20,1.9,5.34,43.5,HEATING,HEATING,True,ZONE 1,18.8125,19.0,,,46.5,45.0,TIME_CONTROLLED,REGULAR
2026-03-02 09:32:28,1.9,8.36,35.5,HEATING,HEATING,True,ZONE 1,18.9375,19.0,,,46.0,45.0,TIME_CONTROLLED,REGULAR
2026-03-02 10:29:14,1.5,9.04,34.0,STANDBY,STANDBY,True,ZONE 1,18.875,17.5,,,45.5,45.0,TIME_CONTROLLED,REGULAR
2026-03-02 11:08:16,1.4,10.06,30.5,STANDBY,STANDBY,True,ZONE 1,18.6875,17.5,,,44.5,45.0,TIME_CONTROLLED,REGULAR
2026-03-02 11:44:14,1.4,10.56,27.5,STANDBY,STANDBY,True,ZONE 1,17.9375,17.5,,,43.5,45.0,TIME_CONTROLLED,REGULAR
2026-03-02 11:59:58,1.4,10.56,26.5,STANDBY,STANDBY,True,ZONE 1,17.75,17.5,,,43.5,45.0,TIME_CONTROLLED,REGULAR
2026-03-02 13:01:41,1.7,11.51,25.5,HEATING,HEATING,True,ZONE 1,17.9375,19.0,,,43.0,45.0,TIME_CONTROLLED,REGULAR
2026-03-02 14:07:05,1.8,11.69,34.5,HEATING,HEATING,True,ZONE 1,18.25,19.0,,,42.0,45.0,TIME_CONTROLLED,REGULAR
2026-03-02 14:57:54,1.8,12.01,29.0,HEATING,HEATING,True,ZONE 1,18.375,19.0,,,41.5,45.0,TIME_CONTROLLED,REGULAR
2026-03-02 15:38:27,1.4,11.74,27.5,STANDBY,STANDBY,True,ZONE 1,18.1875,17.5,,,41.0,45.0,TIME_CONTROLLED,REGULAR
2026-03-02 16:23:55,1.4,10.1,25.0,STANDBY,STANDBY,True,ZONE 1,18.4375,17.5,,,40.0,45.0,TIME_CONTROLLED,REGULAR
2026-03-02 17:10:34,1.3,8.89,23.0,STANDBY,STANDBY,True,ZONE 1,18.375,17.5,,,39.0,45.0,TIME_CONTROLLED,REGULAR
2026-03-02 17:58:17,1.8,7.74,79.5,STANDBY,STANDBY,True,ZONE 1,18.0625,18.0,,,34.0,45.0,TIME_CONTROLLED,CYLINDER_BOOST
2026-03-02 18:41:42,1.5,7.24,51.5,STANDBY,STANDBY,True,ZONE 1,18.0,18.0,,,45.0,45.0,TIME_CONTROLLED,REGULAR
2026-03-02 19:25:16,1.9,7.34,32.0,HEATING,HEATING,True,ZONE 1,18.0,19.0,,,47.0,45.0,TIME_CONTROLLED,REGULAR
2026-03-02 19:55:42,1.9,7.34,39.5,HEATING,HEATING,True,ZONE 1,18.0625,19.0,,,47.5,45.0,TIME_CONTROLLED,REGULAR
2026-03-02 20:24:16,1.9,7.32,44.0,HEATING,HEATING,True,ZONE 1,18.25,19.0,,,48.0,45.0,TIME_CONTROLLED,REGULAR
2026-03-02 20:59:58,1.9,6.91,42.5,HEATING,HEATING,True,ZONE 1,18.25,19.0,,,47.5,45.0,TIME_CONTROLLED,REGULAR
2026-03-02 21:35:43,1.9,6.32,40.0,HEATING,HEATING,True,ZONE 1,18.4375,19.0,,,47.5,45.0,TIME_CONTROLLED,REGULAR
2026-03-02 22:01:32,1.9,6.61,44.5,HEATING,HEATING,True,ZONE 1,18.4375,19.0,,,47.0,45.0,TIME_CONTROLLED,REGULAR
2026-03-02 22:46:35,1.9,6.11,44.0,HEATING,HEATING,True,ZONE 1,18.5,19.0,,,46.5,45.0,TIME_CONTROLLED,REGULAR
2026-03-02 23:28:20,1.5,5.99,34.0,STANDBY,STANDBY,True,ZONE 1,18.5,17.5,,,46.0,45.0,TIME_CONTROLLED,REGULAR
2026-03-02 23:49:17,1.4,5.88,32.0,STANDBY,STANDBY,True,ZONE 1,18.375,17.5,,,45.5,45.0,TIME_CONTROLLED,REGULAR
2026-03-03 01:05:33,1.4,6.42,26.0,STANDBY,STANDBY,True,ZONE 1,18.0,18.0,,,45.0,45.0,TIME_CONTROLLED,REGULAR
2026-03-03 03:41:23,1.4,4.17,31.5,STANDBY,STANDBY,True,ZONE 1,18.0625,17.5,,,43.0,45.0,TIME_CONTROLLED,REGULAR
2026-03-03 05:06:25,1.7,4.18,26.0,HEATING,HEATING,True,ZONE 1,17.625,19.0,,,42.5,45.0,TIME_CONTROLLED,REGULAR
2026-03-03 06:03:04,1.9,4.53,46.0,HEATING,HEATING,True,ZONE 1,18.0,19.0,,,42.0,45.0,TIME_CONTROLLED,REGULAR
2026-03-03 07:09:26,1.9,4.9,43.5,HEATING,HEATING,True,ZONE 1,18.25,19.0,,,40.5,45.0,TIME_CONTROLLED,REGULAR
2026-03-03 07:52:46,1.9,5.91,39.0,HEATING,HEATING,True,ZONE 1,18.5,19.0,,,36.5,45.0,TIME_CONTROLLED,REGULAR
2026-03-03 08:27:41,1.9,7.32,44.5,HEATING,HEATING,True,ZONE 1,18.0,19.0,,,34.5,45.0,TIME_CONTROLLED,REGULAR
2026-03-03 09:06:02,1.9,8.14,39.0,HEATING,HEATING,True,ZONE 1,18.6875,19.0,,,34.0,45.0,TIME_CONTROLLED,REGULAR
2026-03-03 09:59:42,1.8,9.38,31.0,HEATING,HEATING,True,ZONE 1,18.875,19.0,,,33.5,45.0,TIME_CONTROLLED,REGULAR
2026-03-03 10:39:53,1.4,10.48,30.0,STANDBY,STANDBY,True,ZONE 1,18.625,17.5,,,33.0,45.0,TIME_CONTROLLED,REGULAR
2026-03-03 11:19:17,1.4,11.82,27.5,STANDBY,STANDBY,True,ZONE 1,18.6875,17.5,,,32.5,45.0,TIME_CONTROLLED,REGULAR
2026-03-03 11:52:34,1.4,11.55,25.5,STANDBY,STANDBY,True,ZONE 1,18.625,17.5,,,32.0,45.0,TIME_CONTROLLED,REGULAR
2026-03-03 12:31:07,1.5,12.68,58.0,STANDBY,STANDBY,True,ZONE 1,18.4375,17.5,,,47.0,45.0,TIME_CONTROLLED,REGULAR
2026-03-03 13:39:42,1.8,12.79,32.5,HEATING,HEATING,True,ZONE 1,18.0625,19.0,,,46.5,45.0,TIME_CONTROLLED,REGULAR
2026-03-03 14:28:03,1.8,12.94,28.0,HEATING,HEATING,True,ZONE 1,18.5,19.0,,,46.0,45.0,TIME_CONTROLLED,REGULAR
2026-03-03 15:11:13,1.4,12.93,28.5,STANDBY,STANDBY,True,ZONE 1,18.625,17.5,,,46.0,45.0,TIME_CONTROLLED,REGULAR
2026-03-03 15:58:32,1.4,11.8,26.0,STANDBY,STANDBY,True,ZONE 1,18.4375,17.5,,,45.5,45.0,TIME_CONTROLLED,REGULAR
2026-03-03 16:43:19,1.4,10.93,21.5,STANDBY,STANDBY,True,ZONE 1,18.375,17.5,,,45.0,45.0,TIME_CONTROLLED,REGULAR
2026-03-03 17:28:59,1.3,9.3,20.5,STANDBY,STANDBY,True,ZONE 1,18.1875,17.5,,,44.0,45.0,TIME_CONTROLLED,REGULAR
2026-03-03 18:04:59,1.7,8.7,23.5,HEATING,HEATING,True,ZONE 1,18.0625,19.0,,,43.5,45.0,TIME_CONTROLLED,REGULAR
2026-03-03 19:09:55,1.9,7.49,36.5,HEATING,HEATING,True,ZONE 1,18.1875,19.0,,,46.5,45.0,TIME_CONTROLLED,REGULAR
2026-03-03 19:49:31,1.9,8.28,33.0,HEATING,HEATING,True,ZONE 1,18.4375,19.0,,,45.5,45.0,TIME_CONTROLLED,REGULAR
2026-03-03 20:21:10,1.9,7.05,43.0,HEATING,HEATING,True,ZONE 1,18.625,19.0,,,45.5,45.0,TIME_CONTROLLED,REGULAR
2026-03-03 20:55:06,1.9,6.93,41.5,HEATING,HEATING,True,ZONE 1,18.8125,19.0,,,45.0,45.0,TIME_CONTROLLED,REGULAR
2026-03-03 21:23:01,1.9,6.51,79.5,HEATING,HEATING,True,ZONE 1,18.625,19.0,,,37.5,45.0,TIME_CONTROLLED,REGULAR
2026-03-03 21:54:06,1.9,6.14,40.0,HEATING,HEATING,True,ZONE 1,18.5,19.0,,,47.0,45.0,TIME_CONTROLLED,REGULAR
2026-03-03 22:17:15,1.9,6.14,44.0,HEATING,HEATING,True,ZONE 1,18.5,19.0,,,47.0,45.0,TIME_CONTROLLED,REGULAR
2026-03-03 22:52:18,1.9,5.67,42.0,HEATING,HEATING,True,ZONE 1,18.625,19.0,,,47.0,45.0,TIME_CONTROLLED,REGULAR
2026-03-03 23:15:15,1.5,5.12,38.0,STANDBY,STANDBY,True,ZONE 1,18.625,17.5,,,46.5,45.0,TIME_CONTROLLED,REGULAR
2026-03-03 23:42:19,1.5,5.12,35.0,STANDBY,STANDBY,True,ZONE 1,18.625,17.5,,,46.5,45.0,TIME_CONTROLLED,REGULAR
2026-03-03 23:58:10,1.4,4.96,33.5,STANDBY,STANDBY,True,ZONE 1,18.4375,17.5,,,46.0,45.0,TIME_CONTROLLED,REGULAR
2026-03-04 01:47:47,1.4,5.12,24.5,STANDBY,STANDBY,True,ZONE 1,17.9375,18.0,,,45.0,45.0,TIME_CONTROLLED,REGULAR
2026-03-04 03:55:08,1.4,4.22,32.0,STANDBY,STANDBY,True,ZONE 1,18.0,17.5,,,44.0,45.0,TIME_CONTROLLED,REGULAR
2026-03-04 05:03:15,1.3,3.2,26.0,HEATING,HEATING,True,ZONE 1,17.75,19.0,,,43.5,45.0,TIME_CONTROLLED,REGULAR
2026-03-04 05:58:25,1.9,2.91,46.0,HEATING,HEATING,True,ZONE 1,17.9375,19.0,,,41.0,45.0,TIME_CONTROLLED,REGULAR
2026-03-04 06:42:33,1.9,3.1,46.5,HEATING,HEATING,True,ZONE 1,18.25,19.0,,,38.0,45.0,TIME_CONTROLLED,REGULAR
2026-03-04 07:26:15,1.9,4.39,44.0,HEATING,HEATING,True,ZONE 1,17.9375,19.0,,,45.0,45.0,TIME_CONTROLLED,REGULAR
2026-03-04 07:56:07,1.9,5.59,42.0,HEATING,HEATING,True,ZONE 1,18.5,19.0,,,44.5,45.0,TIME_CONTROLLED,REGULAR
2026-03-04 08:28:15,1.9,5.59,42.5,HEATING,HEATING,True,ZONE 1,18.6875,19.0,,,44.5,45.0,TIME_CONTROLLED,REGULAR
2026-03-04 09:03:45,1.9,7.02,40.0,HEATING,HEATING,True,ZONE 1,18.875,19.0,,,44.5,45.0,TIME_CONTROLLED,REGULAR
2026-03-04 09:56:58,1.9,9.06,36.0,HEATING,HEATING,True,ZONE 1,18.9375,19.0,,,44.0,45.0,TIME_CONTROLLED,REGULAR
2026-03-04 10:29:16,1.4,9.84,32.5,STANDBY,STANDBY,True,ZONE 1,18.9375,17.5,,,44.0,45.0,TIME_CONTROLLED,REGULAR
2026-03-04 11:02:57,1.4,9.84,29.5,STANDBY,STANDBY,True,ZONE 1,18.8125,17.5,,,43.5,45.0,TIME_CONTROLLED,REGULAR
2026-03-04 11:44:40,1.4,10.58,26.5,STANDBY,STANDBY,True,ZONE 1,18.5,17.5,,,43.0,45.0,TIME_CONTROLLED,REGULAR
2026-03-04 12:57:13,1.3,10.27,22.0,STANDBY,STANDBY,True,ZONE 1,18.375,17.5,,,42.5,45.0,TIME_CONTROLLED,REGULAR
2026-03-04 13:53:36,1.8,10.09,34.5,HEATING,HEATING,True,ZONE 1,18.4375,19.0,,,42.0,45.0,TIME_CONTROLLED,REGULAR
2026-03-04 14:30:48,1.8,10.18,32.0,HEATING,HEATING,True,ZONE 1,18.5,19.0,,,42.0,45.0,TIME_CONTROLLED,REGULAR
2026-03-04 15:05:46,1.5,9.88,33.0,STANDBY,STANDBY,True,ZONE 1,18.625,17.5,,,41.5,45.0,TIME_CONTROLLED,REGULAR
2026-03-04 15:57:03,1.4,9.36,28.5,STANDBY,STANDBY,True,ZONE 1,18.375,17.5,,,41.0,45.0,TIME_CONTROLLED,REGULAR
2026-03-04 16:35:49,1.4,8.27,26.0,STANDBY,STANDBY,True,ZONE 1,18.375,17.5,,,40.5,45.0,TIME_CONTROLLED,REGULAR
2026-03-04 17:24:50,1.3,6.74,23.5,STANDBY,STANDBY,True,ZONE 1,18.25,17.5,,,40.0,45.0,TIME_CONTROLLED,REGULAR
2026-03-04 18:02:27,1.7,6.21,23.5,HEATING,HEATING,True,ZONE 1,18.1875,19.0,,,40.0,45.0,TIME_CONTROLLED,REGULAR
2026-03-04 19:06:00,1.9,5.11,39.0,HEATING,HEATING,True,ZONE 1,18.1875,19.0,,,45.5,45.0,TIME_CONTROLLED,CYLINDER_BOOST
2026-03-04 19:49:45,1.9,4.3,45.5,HEATING,HEATING,True,ZONE 1,18.625,19.0,,,45.0,45.0,TIME_CONTROLLED,REGULAR
2026-03-04 20:21:24,1.9,3.49,38.5,HEATING,HEATING,True,ZONE 1,18.8125,19.0,,,44.0,45.0,TIME_CONTROLLED,REGULAR
2026-03-04 20:55:29,1.9,3.49,45.0,HEATING,HEATING,True,ZONE 1,18.8125,19.0,,,43.0,45.0,TIME_CONTROLLED,REGULAR
2026-03-04 21:23:39,2.0,3.14,50.5,HEATING,HEATING,True,ZONE 1,18.875,19.0,,,35.5,45.0,TIME_CONTROLLED,REGULAR
2026-03-04 21:55:50,1.9,2.54,44.0,HEATING,HEATING,True,ZONE 1,18.875,19.0,,,48.0,45.0,TIME_CONTROLLED,CYLINDER_BOOST
2026-03-04 22:20:57,1.9,2.33,46.0,HEATING,HEATING,True,ZONE 1,18.875,19.0,,,47.5,45.0,TIME_CONTROLLED,REGULAR
2026-03-04 22:56:38,1.9,1.92,47.5,HEATING,HEATING,True,ZONE 1,18.875,19.0,,,9.0,45.0,TIME_CONTROLLED,REGULAR
2026-03-04 23:22:56,1.5,1.92,40.0,STANDBY,STANDBY,True,ZONE 1,18.9375,17.5,,,9.5,45.0,TIME_CONTROLLED,REGULAR
2026-03-04 23:51:12,1.4,1.33,36.0,STANDBY,STANDBY,True,ZONE 1,18.6875,17.5,,,9.5,45.0,TIME_CONTROLLED,REGULAR
2026-03-05 01:04:22,1.4,0.76,28.0,STANDBY,STANDBY,True,ZONE 1,18.25,18.0,,,10.5,45.0,TIME_CONTROLLED,REGULAR
2026-03-05 03:36:50,1.5,-0.41,60.0,STANDBY,STANDBY,True,ZONE 1,18.0625,17.5,,,47.0,45.0,TIME_CONTROLLED,REGULAR
2026-03-05 05:04:20,1.4,-0.49,37.0,HEATING,HEATING,True,ZONE 1,17.75,19.0,,,47.0,45.0,TIME_CONTROLLED,REGULAR
2026-03-05 06:01:17,1.9,-0.64,49.5,HEATING,HEATING,True,ZONE 1,18.1875,19.0,,,46.0,45.0,TIME_CONTROLLED,REGULAR
2026-03-05 07:08:42,1.9,0.87,48.0,HEATING,HEATING,True,ZONE 1,17.9375,19.0,,,45.0,45.0,TIME_CONTROLLED,REGULAR
2026-03-05 07:53:16,1.9,2.72,47.0,HEATING,HEATING,True,ZONE 1,18.5,19.0,,,44.5,45.0,TIME_CONTROLLED,REGULAR
2026-03-05 08:27:18,1.9,3.16,47.0,HEATING,HEATING,True,ZONE 1,18.8125,19.0,,,44.5,45.0,TIME_CONTROLLED,REGULAR
2026-03-05 09:05:25,1.9,4.94,40.0,HEATING,HEATING,True,ZONE 1,18.9375,19.0,,,44.0,45.0,TIME_CONTROLLED,REGULAR
2026-03-05 10:00:24,1.9,6.41,38.5,HEATING,HEATING,True,ZONE 1,19.0625,19.0,,,43.5,45.0,TIME_CONTROLLED,REGULAR
2026-03-05 10:59:15,1.4,8.61,30.5,STANDBY,STANDBY,True,ZONE 1,18.8125,17.5,,,43.0,45.0,TIME_CONTROLLED,REGULAR
2026-03-05 11:33:08,1.4,9.47,28.0,STANDBY,STANDBY,True,ZONE 1,18.6875,17.5,,,42.5,45.0,TIME_CONTROLLED,REGULAR
2026-03-05 12:01:55,1.4,9.47,26.0,STANDBY,STANDBY,True,ZONE 1,18.5,17.5,,,42.0,45.0,TIME_CONTROLLED,REGULAR
2026-03-05 13:35:27,1.8,10.51,36.0,HEATING,HEATING,True,ZONE 1,18.4375,19.0,,,41.5,45.0,TIME_CONTROLLED,REGULAR
2026-03-05 14:29:04,1.8,9.75,35.0,HEATING,HEATING,True,ZONE 1,17.625,19.0,,,40.5,45.0,TIME_CONTROLLED,REGULAR
2026-03-05 15:12:09,1.4,9.93,33.0,STANDBY,STANDBY,True,ZONE 1,18.4375,17.5,,,40.0,45.0,TIME_CONTROLLED,REGULAR
2026-03-05 16:02:20,1.4,9.07,29.0,STANDBY,STANDBY,True,ZONE 1,18.5,17.5,,,39.0,45.0,TIME_CONTROLLED,REGULAR
2026-03-05 18:19:36,1.9,6.1,42.0,HEATING,HEATING,True,ZONE 1,17.9375,19.0,,,44.0,45.0,TIME_CONTROLLED,REGULAR
2026-03-05 19:41:08,1.9,4.27,45.5,HEATING,HEATING,True,ZONE 1,18.625,19.0,,,48.0,45.0,TIME_CONTROLLED,REGULAR
2026-03-05 20:21:04,1.9,3.54,39.0,HEATING,HEATING,True,ZONE 1,18.8125,19.0,,,47.5,45.0,TIME_CONTROLLED,REGULAR
2026-03-05 20:59:32,1.9,2.66,45.5,HEATING,HEATING,True,ZONE 1,18.8125,19.0,,,47.0,45.0,TIME_CONTROLLED,REGULAR
2026-03-05 21:35:31,1.9,2.85,47.0,HEATING,HEATING,True,ZONE 1,18.8125,19.0,,,47.0,45.0,TIME_CONTROLLED,REGULAR
2026-03-05 22:02:30,1.9,2.85,47.5,HEATING,HEATING,True,ZONE 1,18.875,19.0,,,46.5,45.0,TIME_CONTROLLED,REGULAR
2026-03-05 23:23:18,1.5,1.4,40.0,STANDBY,STANDBY,True,ZONE 1,18.9375,17.5,,,45.0,45.0,TIME_CONTROLLED,REGULAR
2026-03-06 00:02:37,1.4,0.56,34.5,STANDBY,STANDBY,True,ZONE 1,18.6875,17.5,,,44.5,45.0,TIME_CONTROLLED,REGULAR
2026-03-06 02:50:28,1.8,-0.34,45.0,HEATING,HEATING,True,ZONE 1,18.0,18.0,,,43.0,45.0,TIME_CONTROLLED,REGULAR
2026-03-06 04:25:35,1.3,-0.42,28.5,STANDBY,STANDBY,True,ZONE 1,17.8125,17.5,,,42.0,45.0,TIME_CONTROLLED,REGULAR
2026-03-06 05:29:31,1.8,-0.82,50.0,HEATING,HEATING,True,ZONE 1,17.625,19.0,,,39.0,45.0,TIME_CONTROLLED,REGULAR
2026-03-06 06:05:09,1.9,-1.21,49.5,HEATING,HEATING,True,ZONE 1,18.0625,19.0,,,38.0,45.0,TIME_CONTROLLED,REGULAR
2026-03-06 07:07:10,1.9,1.02,47.5,HEATING,HEATING,True,ZONE 1,18.375,19.0,,,46.5,45.0,TIME_CONTROLLED,REGULAR
2026-03-06 07:50:59,1.9,2.59,47.0,HEATING,HEATING,True,ZONE 1,18.625,19.0,,,46.0,45.0,TIME_CONTROLLED,REGULAR
2026-03-06 08:24:05,1.9,3.36,42.0,HEATING,HEATING,True,ZONE 1,18.875,19.0,,,45.5,45.0,TIME_CONTROLLED,REGULAR
2026-03-06 09:01:56,1.9,5.7,40.0,HEATING,HEATING,True,ZONE 1,18.9375,19.0,,,45.0,45.0,TIME_CONTROLLED,REGULAR
2026-03-06 09:55:09,1.8,7.26,36.0,HEATING,HEATING,True,ZONE 1,19.0625,19.0,,,44.5,45.0,TIME_CONTROLLED,REGULAR
2026-03-06 10:23:18,1.5,8.6,33.5,STANDBY,STANDBY,True,ZONE 1,19.0625,17.5,,,44.0,45.0,TIME_CONTROLLED,REGULAR
2026-03-06 11:01:02,1.4,8.97,30.0,STANDBY,STANDBY,True,ZONE 1,18.8125,17.5,,,43.5,45.0,TIME_CONTROLLED,REGULAR
2026-03-06 11:42:40,1.4,9.96,27.0,STANDBY,STANDBY,True,ZONE 1,18.625,17.5,,,43.0,45.0,TIME_CONTROLLED,REGULAR
2026-03-06 11:58:10,1.4,10.92,26.0,STANDBY,STANDBY,True,ZONE 1,18.625,17.5,,,42.5,45.0,TIME_CONTROLLED,REGULAR
2026-03-06 12:47:24,1.3,10.71,23.5,STANDBY,STANDBY,True,ZONE 1,18.4375,17.5,,,42.0,45.0,TIME_CONTROLLED,REGULAR
2026-03-06 13:42:29,1.8,11.27,31.0,HEATING,HEATING,True,ZONE 1,18.5,19.0,,,41.5,45.0,TIME_CONTROLLED,REGULAR
2026-03-06 14:23:31,1.8,11.48,29.5,HEATING,HEATING,True,ZONE 1,18.625,19.0,,,41.0,45.0,TIME_CONTROLLED,REGULAR
2026-03-06 15:02:54,1.8,11.71,29.0,STANDBY,STANDBY,True,ZONE 1,18.5,17.5,,,40.5,45.0,TIME_CONTROLLED,REGULAR
2026-03-06 15:52:46,1.4,10.44,26.0,STANDBY,STANDBY,True,ZONE 1,18.4375,17.5,,,38.5,45.0,TIME_CONTROLLED,REGULAR
2026-03-06 16:26:28,1.4,10.44,26.0,STANDBY,STANDBY,False,ZONE 1,18.4375,17.5,,,38.5,45.0,TIME_CONTROLLED,REGULAR
2026-03-06 17:05:07,1.4,10.44,26.0,STANDBY,STANDBY,False,ZONE 1,18.4375,17.5,,,38.5,45.0,TIME_CONTROLLED,REGULAR
2026-03-06 17:51:52,1.4,10.44,26.0,STANDBY,STANDBY,False,ZONE 1,18.4375,17.5,,,38.5,45.0,TIME_CONTROLLED,REGULAR
2026-03-06 18:28:39,1.8,5.19,41.5,HEATING,HEATING,True,ZONE 1,18.25,19.0,,,47.0,45.0,TIME_CONTROLLED,REGULAR
2026-03-06 19:08:58,1.8,5.19,43.0,HEATING,HEATING,False,ZONE 1,18.25,19.0,,,47.0,45.0,TIME_CONTROLLED,REGULAR
2026-03-06 19:46:54,1.8,5.19,43.0,HEATING,HEATING,False,ZONE 1,18.25,19.0,,,47.0,45.0,TIME_CONTROLLED,REGULAR
2026-03-06 20:48:11,1.8,5.19,43.0,HEATING,HEATING,False,ZONE 1,18.25,19.0,,,47.0,45.0,TIME_CONTROLLED,REGULAR
2026-03-06 21:04:17,1.8,5.19,43.0,HEATING,HEATING,False,ZONE 1,18.25,19.0,,,47.0,45.0,TIME_CONTROLLED,REGULAR
2026-03-06 21:42:41,1.8,5.19,43.0,HEATING,HEATING,False,ZONE 1,18.25,19.0,,,47.0,45.0,TIME_CONTROLLED,REGULAR
2026-03-06 21:58:00,1.8,5.19,43.0,HEATING,HEATING,False,ZONE 1,18.25,19.0,,,47.0,45.0,TIME_CONTROLLED,REGULAR
2026-03-06 22:23:45,1.8,5.19,43.0,HEATING,HEATING,False,ZONE 1,18.25,19.0,,,47.0,45.0,TIME_CONTROLLED,REGULAR
2026-03-06 22:53:50,1.8,5.19,43.0,HEATING,HEATING,False,ZONE 1,18.25,19.0,,,47.0,45.0,TIME_CONTROLLED,REGULAR
2026-03-06 23:17:20,1.8,5.19,43.0,HEATING,HEATING,False,ZONE 1,18.25,19.0,,,47.0,45.0,TIME_CONTROLLED,REGULAR
2026-03-06 23:48:40,1.8,5.19,43.0,HEATING,HEATING,False,ZONE 1,18.25,19.0,,,47.0,45.0,TIME_CONTROLLED,REGULAR
2026-03-07 01:00:24,1.8,5.19,43.0,HEATING,HEATING,False,ZONE 1,18.25,19.0,,,47.0,45.0,TIME_CONTROLLED,REGULAR
2026-03-07 03:24:33,1.8,5.19,43.0,HEATING,HEATING,False,ZONE 1,18.25,19.0,,,47.0,45.0,TIME_CONTROLLED,REGULAR
2026-03-07 04:45:05,1.8,5.19,43.0,HEATING,HEATING,False,ZONE 1,18.25,19.0,,,47.0,45.0,TIME_CONTROLLED,REGULAR
2026-03-07 05:25:58,1.8,5.19,43.0,HEATING,HEATING,False,ZONE 1,18.25,19.0,,,47.0,45.0,TIME_CONTROLLED,REGULAR
2026-03-07 05:57:23,1.8,5.19,43.0,HEATING,HEATING,False,ZONE 1,18.25,19.0,,,47.0,45.0,TIME_CONTROLLED,REGULAR
2026-03-07 06:32:31,1.8,5.19,43.0,HEATING,HEATING,False,ZONE 1,18.25,19.0,,,47.0,45.0,TIME_CONTROLLED,REGULAR
2026-03-07 07:16:33,1.8,5.19,43.0,HEATING,HEATING,False,ZONE 1,18.25,19.0,,,47.0,45.0,TIME_CONTROLLED,REGULAR
2026-03-07 07:47:08,1.8,5.19,43.0,HEATING,HEATING,False,ZONE 1,18.25,19.0,,,47.0,45.0,TIME_CONTROLLED,REGULAR
2026-03-07 08:25:46,1.8,5.19,43.0,HEATING,HEATING,False,ZONE 1,18.25,19.0,,,47.0,45.0,TIME_CONTROLLED,REGULAR
2026-03-07 08:53:27,1.8,5.19,43.0,HEATING,HEATING,False,ZONE 1,18.25,19.0,,,47.0,45.0,TIME_CONTROLLED,REGULAR
2026-03-07 09:18:14,1.8,5.19,43.0,HEATING,HEATING,False,ZONE 1,18.25,19.0,,,47.0,45.0,TIME_CONTROLLED,REGULAR
2026-03-07 09:49:57,1.8,5.19,43.0,HEATING,HEATING,False,ZONE 1,18.25,19.0,,,47.0,45.0,TIME_CONTROLLED,REGULAR
2026-03-07 10:12:34,1.8,5.19,43.0,HEATING,HEATING,False,ZONE 1,18.25,19.0,,,47.0,45.0,TIME_CONTROLLED,REGULAR
2026-03-07 10:41:23,1.8,5.19,43.0,HEATING,HEATING,False,ZONE 1,18.25,19.0,,,47.0,45.0,TIME_CONTROLLED,REGULAR
2026-03-07 11:12:33,1.8,5.19,43.0,HEATING,HEATING,False,ZONE 1,18.25,19.0,,,47.0,45.0,TIME_CONTROLLED,REGULAR
2026-03-07 11:32:18,1.8,5.19,43.0,HEATING,HEATING,False,ZONE 1,18.25,19.0,,,47.0,45.0,TIME_CONTROLLED,REGULAR
2026-03-07 11:52:58,1.8,13.39,29.0,HEATING,HEATING,True,ZONE 1,17.625,19.0,,,42.5,45.0,TIME_CONTROLLED,REGULAR
2026-03-07 12:22:10,1.8,13.39,28.5,HEATING,HEATING,False,ZONE 1,17.375,19.0,,,42.5,45.0,TIME_CONTROLLED,REGULAR
2026-03-07 13:12:50,1.8,13.39,28.5,HEATING,HEATING,False,ZONE 1,17.375,19.0,,,42.5,45.0,TIME_CONTROLLED,REGULAR
2026-03-07 13:49:00,1.8,13.39,35.5,HEATING,HEATING,False,ZONE 1,17.3125,19.0,,,42.5,45.0,TIME_CONTROLLED,REGULAR
2026-03-07 14:14:00,1.8,13.39,35.5,HEATING,HEATING,False,ZONE 1,17.3125,19.0,,,42.5,45.0,TIME_CONTROLLED,REGULAR
2026-03-07 14:41:51,1.8,13.39,35.5,HEATING,HEATING,False,ZONE 1,17.3125,19.0,,,42.5,45.0,TIME_CONTROLLED,REGULAR
2026-03-07 15:16:12,1.8,13.39,35.5,HEATING,HEATING,False,ZONE 1,17.3125,19.0,,,42.5,45.0,TIME_CONTROLLED,REGULAR
2026-03-07 15:38:46,1.8,13.39,35.5,HEATING,HEATING,False,ZONE 1,17.3125,19.0,,,42.5,45.0,TIME_CONTROLLED,REGULAR
2026-03-07 15:54:48,1.8,13.39,35.5,HEATING,HEATING,True,ZONE 1,17.3125,19.0,,,10.5,45.0,TIME_CONTROLLED,REGULAR
2026-03-07 16:14:46,1.8,12.7,74.0,HEATING,HEATING,True,ZONE 1,18.0625,18.0,,,11.0,45.0,TIME_CONTROLLED,CYLINDER_BOOST
2026-03-07 16:44:12,1.4,11.15,61.0,HEATING,HEATING,True,ZONE 1,18.0,18.0,,,45.5,45.0,TIME_CONTROLLED,REGULAR
2026-03-07 17:18:39,1.9,9.61,80.0,HEATING,HEATING,True,ZONE 1,18.0,18.5,,,30.0,45.0,TIME_CONTROLLED,REGULAR
2026-03-07 17:44:04,1.9,8.75,36.0,HEATING,HEATING,True,ZONE 1,18.0625,18.5,,,48.0,45.0,TIME_CONTROLLED,REGULAR
2026-03-07 18:18:07,1.8,6.84,34.5,HEATING,HEATING,True,ZONE 1,18.375,18.5,,,48.0,45.0,TIME_CONTROLLED,REGULAR
2026-03-07 18:55:23,1.8,6.84,37.0,HEATING,HEATING,True,ZONE 1,18.4375,18.5,,,48.0,45.0,TIME_CONTROLLED,REGULAR
2026-03-07 19:13:31,1.8,5.94,39.0,HEATING,HEATING,True,ZONE 1,18.5,19.0,,,47.5,45.0,TIME_CONTROLLED,REGULAR
2026-03-07 19:32:59,1.9,5.94,43.5,HEATING,HEATING,True,ZONE 1,18.5,19.0,,,47.5,45.0,TIME_CONTROLLED,REGULAR
2026-03-07 19:52:26,1.9,5.42,45.0,HEATING,HEATING,True,ZONE 1,18.375,19.0,,,47.5,45.0,TIME_CONTROLLED,REGULAR
2026-03-07 20:12:58,1.9,5.42,36.5,HEATING,HEATING,True,ZONE 1,18.5,19.0,,,47.5,45.0,TIME_CONTROLLED,REGULAR
2026-03-07 20:38:42,1.9,4.99,43.5,HEATING,HEATING,True,ZONE 1,18.5,19.0,,,47.0,45.0,TIME_CONTROLLED,REGULAR
2026-03-07 20:56:33,1.9,4.68,45.5,HEATING,HEATING,True,ZONE 1,18.625,19.0,,,47.0,45.0,TIME_CONTROLLED,REGULAR
2026-03-07 21:14:01,1.9,4.68,43.0,HEATING,HEATING,True,ZONE 1,18.6875,19.0,,,46.5,45.0,TIME_CONTROLLED,REGULAR
2026-03-07 21:34:05,1.9,5.1,79.5,HEATING,HEATING,True,ZONE 1,18.6875,19.0,,,39.5,45.0,TIME_CONTROLLED,REGULAR
2026-03-07 21:52:47,1.9,5.1,41.5,HEATING,HEATING,True,ZONE 1,18.625,19.0,,,47.0,45.0,TIME_CONTROLLED,REGULAR
2026-03-07 22:11:46,1.9,4.26,45.0,HEATING,HEATING,True,ZONE 1,18.625,19.0,,,47.0,45.0,TIME_CONTROLLED,REGULAR
2026-03-07 22:38:17,1.9,4.35,46.5,HEATING,HEATING,True,ZONE 1,18.625,19.0,,,47.0,45.0,TIME_CONTROLLED,REGULAR
2026-03-07 22:56:38,1.9,4.35,37.5,HEATING,HEATING,True,ZONE 1,18.6875,19.0,,,46.5,45.0,TIME_CONTROLLED,REGULAR
2026-03-07 23:15:00,1.5,4.35,34.0,STANDBY,STANDBY,True,ZONE 1,18.6875,17.5,,,46.5,45.0,TIME_CONTROLLED,REGULAR
2026-03-07 23:36:01,1.4,4.28,32.5,STANDBY,STANDBY,True,ZONE 1,18.5,17.5,,,46.5,45.0,TIME_CONTROLLED,REGULAR
2026-03-07 23:54:33,1.4,4.28,31.0,STANDBY,STANDBY,True,ZONE 1,18.375,17.5,,,46.5,45.0,TIME_CONTROLLED,REGULAR
2026-03-08 01:04:41,1.3,3.85,25.5,STANDBY,STANDBY,True,ZONE 1,18.0,18.0,,,45.0,45.0,TIME_CONTROLLED,REGULAR
2026-03-08 03:37:46,1.4,2.27,29.5,STANDBY,STANDBY,True,ZONE 1,18.0,17.5,,,43.5,45.0,TIME_CONTROLLED,REGULAR
2026-03-08 05:02:29,1.3,2.36,23.5,HEATING,HEATING,True,ZONE 1,17.625,19.0,,,42.5,45.0,TIME_CONTROLLED,REGULAR
2026-03-08 05:56:38,1.8,2.82,45.5,HEATING,HEATING,True,ZONE 1,17.75,19.0,,,42.0,45.0,TIME_CONTROLLED,REGULAR
2026-03-08 06:33:08,1.9,3.5,46.5,HEATING,HEATING,True,ZONE 1,18.0,19.0,,,41.5,45.0,TIME_CONTROLLED,REGULAR
2026-03-08 07:20:28,1.9,3.83,47.0,HEATING,HEATING,True,ZONE 1,18.25,19.0,,,41.5,45.0,TIME_CONTROLLED,REGULAR
2026-03-08 07:48:58,1.9,5.41,80.5,HEATING,HEATING,True,ZONE 1,18.4375,19.0,,,39.0,45.0,TIME_CONTROLLED,REGULAR
2026-03-08 08:17:31,1.9,5.41,42.5,HEATING,HEATING,True,ZONE 1,18.4375,19.0,,,47.0,45.0,TIME_CONTROLLED,REGULAR
2026-03-08 08:53:21,1.9,6.9,39.5,HEATING,HEATING,True,ZONE 1,18.625,19.0,,,46.5,45.0,TIME_CONTROLLED,REGULAR
2026-03-08 09:18:15,1.8,8.13,34.0,HEATING,HEATING,True,ZONE 1,18.6875,19.0,,,46.5,45.0,TIME_CONTROLLED,REGULAR
2026-03-08 09:51:04,1.8,9.18,33.5,HEATING,HEATING,True,ZONE 1,18.0,19.0,,,46.0,45.0,TIME_CONTROLLED,REGULAR
2026-03-08 10:14:05,1.4,9.18,32.5,STANDBY,STANDBY,True,ZONE 1,18.0,17.5,,,45.5,45.0,TIME_CONTROLLED,REGULAR
2026-03-08 10:44:00,1.4,10.43,30.5,STANDBY,STANDBY,True,ZONE 1,18.25,17.5,,,45.5,45.0,TIME_CONTROLLED,REGULAR
2026-03-08 11:17:07,1.7,11.33,28.0,HEATING,HEATING,True,ZONE 1,17.3125,17.5,,,44.5,45.0,TIME_CONTROLLED,REGULAR
2026-03-08 11:42:00,1.7,12.25,28.0,HEATING,HEATING,True,ZONE 1,17.0,17.5,,,44.0,45.0,TIME_CONTROLLED,REGULAR
2026-03-08 12:22:56,1.7,13.08,27.5,HEATING,HEATING,True,ZONE 1,17.375,17.5,,,43.5,45.0,TIME_CONTROLLED,REGULAR
2026-03-08 13:14:25,1.7,14.02,34.0,HEATING,HEATING,True,ZONE 1,17.625,19.0,,,42.5,45.0,TIME_CONTROLLED,REGULAR
2026-03-08 13:50:12,1.7,13.66,33.0,HEATING,HEATING,True,ZONE 1,17.8125,19.0,,,41.0,45.0,TIME_CONTROLLED,REGULAR
2026-03-08 14:15:10,1.8,13.91,31.0,HEATING,HEATING,True,ZONE 1,17.8125,19.0,,,40.5,45.0,TIME_CONTROLLED,REGULAR
2026-03-08 14:43:13,1.8,13.93,60.0,HEATING,HEATING,True,ZONE 1,18.0625,19.0,,,38.0,45.0,TIME_CONTROLLED,CYLINDER_BOOST
2026-03-08 15:17:50,1.9,13.85,80.0,STANDBY,STANDBY,True,ZONE 1,18.5,17.5,,,35.0,45.0,TIME_CONTROLLED,CYLINDER_BOOST
2026-03-08 15:44:35,1.5,13.85,56.0,STANDBY,STANDBY,True,ZONE 1,18.4375,17.5,,,47.5,45.0,TIME_CONTROLLED,REGULAR
2026-03-08 16:17:23,1.4,11.79,46.0,STANDBY,STANDBY,True,ZONE 1,18.0,17.5,,,47.5,45.0,TIME_CONTROLLED,REGULAR
2026-03-08 16:50:52,1.4,10.45,39.0,STANDBY,STANDBY,True,ZONE 1,18.0625,17.5,,,47.0,45.0,TIME_CONTROLLED,REGULAR
2026-03-08 17:14:23,1.4,10.45,36.0,STANDBY,STANDBY,True,ZONE 1,18.0625,17.5,,,47.0,45.0,TIME_CONTROLLED,REGULAR
2026-03-08 17:38:40,1.4,9.06,33.0,STANDBY,STANDBY,True,ZONE 1,18.0,17.5,,,46.5,45.0,TIME_CONTROLLED,REGULAR
2026-03-08 17:56:18,1.4,9.06,31.0,STANDBY,STANDBY,True,ZONE 1,18.0625,17.5,,,46.0,45.0,TIME_CONTROLLED,REGULAR
2026-03-08 18:21:31,1.7,8.52,36.0,HEATING,HEATING,True,ZONE 1,18.0625,19.0,,,44.5,45.0,TIME_CONTROLLED,REGULAR
2026-03-08 18:56:22,1.8,8.07,35.0,HEATING,HEATING,True,ZONE 1,18.6875,19.0,,,43.5,45.0,TIME_CONTROLLED,REGULAR
2026-03-08 19:18:14,1.8,7.81,39.5,HEATING,HEATING,True,ZONE 1,18.875,19.0,,,43.0,45.0,TIME_CONTROLLED,REGULAR
2026-03-08 19:43:06,1.9,7.81,80.0,HEATING,HEATING,True,ZONE 1,18.875,19.0,,,31.5,45.0,TIME_CONTROLLED,REGULAR
2026-03-08 20:13:19,1.9,7.19,40.0,HEATING,HEATING,True,ZONE 1,18.6875,19.0,,,46.5,45.0,TIME_CONTROLLED,REGULAR
2026-03-08 20:42:07,1.8,6.7,37.0,HEATING,HEATING,True,ZONE 1,18.8125,19.0,,,46.0,45.0,TIME_CONTROLLED,REGULAR
2026-03-08 20:57:56,1.8,6.7,41.5,HEATING,HEATING,True,ZONE 1,18.6875,19.0,,,46.0,45.0,TIME_CONTROLLED,REGULAR
2026-03-08 21:18:09,1.9,6.09,44.5,HEATING,HEATING,True,ZONE 1,18.6875,19.0,,,46.0,45.0,TIME_CONTROLLED,REGULAR
2026-03-08 21:43:47,1.8,5.71,41.0,HEATING,HEATING,True,ZONE 1,18.6875,19.0,,,45.5,45.0,TIME_CONTROLLED,REGULAR
2026-03-08 22:12:17,1.9,5.71,41.5,HEATING,HEATING,True,ZONE 1,18.6875,19.0,,,45.5,45.0,TIME_CONTROLLED,REGULAR
2026-03-08 22:40:51,1.8,5.11,41.5,HEATING,HEATING,True,ZONE 1,18.8125,19.0,,,45.0,45.0,TIME_CONTROLLED,REGULAR
2026-03-08 22:57:33,1.9,4.42,45.0,HEATING,HEATING,True,ZONE 1,18.8125,19.0,,,45.0,45.0,TIME_CONTROLLED,REGULAR
2026-03-08 23:18:25,1.5,4.42,38.0,STANDBY,STANDBY,True,ZONE 1,18.8125,17.5,,,44.5,45.0,TIME_CONTROLLED,REGULAR
2026-03-08 23:44:52,1.4,4.39,35.0,STANDBY,STANDBY,True,ZONE 1,18.625,17.5,,,44.5,45.0,TIME_CONTROLLED,REGULAR
2026-03-09 01:23:04,1.3,3.46,25.5,STANDBY,STANDBY,True,ZONE 1,18.0625,18.0,,,42.0,45.0,TIME_CONTROLLED,REGULAR
2026-03-09 03:55:22,1.3,2.5,30.0,STANDBY,STANDBY,True,ZONE 1,17.9375,17.5,,,40.5,45.0,TIME_CONTROLLED,REGULAR
2026-03-09 05:15:14,1.7,1.97,32.0,HEATING,HEATING,True,ZONE 1,17.625,19.0,,,40.0,45.0,TIME_CONTROLLED,REGULAR
2026-03-09 06:11:49,1.8,1.84,47.0,HEATING,HEATING,True,ZONE 1,17.8125,19.0,,,38.5,45.0,TIME_CONTROLLED,REGULAR
2026-03-09 07:16:46,1.9,3.68,45.0,HEATING,HEATING,True,ZONE 1,18.0625,19.0,,,47.0,45.0,TIME_CONTROLLED,REGULAR
2026-03-09 08:01:50,1.8,7.54,42.0,HEATING,HEATING,True,ZONE 1,18.625,19.0,,,46.5,45.0,TIME_CONTROLLED,REGULAR
2026-03-09 09:01:01,1.8,8.77,37.0,HEATING,HEATING,True,ZONE 1,18.875,19.0,,,46.0,45.0,TIME_CONTROLLED,REGULAR
2026-03-09 10:05:13,1.4,11.97,33.0,STANDBY,STANDBY,True,ZONE 1,18.875,17.5,,,45.5,45.0,TIME_CONTROLLED,REGULAR
2026-03-09 11:01:50,1.4,12.99,29.0,STANDBY,STANDBY,True,ZONE 1,18.625,17.5,,,45.0,45.0,TIME_CONTROLLED,REGULAR
2026-03-09 11:47:58,1.3,14.15,26.0,STANDBY,STANDBY,True,ZONE 1,18.625,17.5,,,45.0,45.0,TIME_CONTROLLED,REGULAR
2026-03-09 12:03:05,1.3,14.15,25.0,STANDBY,STANDBY,True,ZONE 1,18.625,17.5,,,44.5,45.0,TIME_CONTROLLED,REGULAR
2026-03-09 13:39:04,1.7,15.7,27.0,HEATING,HEATING,True,ZONE 1,18.4375,19.0,,,43.0,45.0,TIME_CONTROLLED,REGULAR
2026-03-09 14:34:59,1.7,15.82,33.5,HEATING,HEATING,True,ZONE 1,18.4375,19.0,,,39.0,45.0,TIME_CONTROLLED,REGULAR
2026-03-09 15:40:18,1.3,15.09,24.5,STANDBY,STANDBY,True,ZONE 1,18.375,17.5,,,38.0,45.0,TIME_CONTROLLED,REGULAR
2026-03-09 16:39:14,1.3,12.97,22.5,STANDBY,STANDBY,True,ZONE 1,18.375,17.5,,,37.0,45.0,TIME_CONTROLLED,REGULAR
2026-03-09 17:32:18,1.4,11.46,54.5,STANDBY,STANDBY,True,ZONE 1,18.375,17.5,,,47.5,45.0,TIME_CONTROLLED,REGULAR
2026-03-09 18:08:24,1.7,10.45,27.0,HEATING,HEATING,True,ZONE 1,18.375,19.0,,,47.0,45.0,TIME_CONTROLLED,CYLINDER_BOOST
2026-03-09 19:08:39,1.8,10.55,35.5,HEATING,HEATING,True,ZONE 1,18.4375,19.0,,,45.5,45.0,TIME_CONTROLLED,REGULAR
2026-03-09 19:50:11,1.8,9.74,35.5,HEATING,HEATING,True,ZONE 1,18.5,19.0,,,45.5,45.0,TIME_CONTROLLED,REGULAR
2026-03-09 20:20:34,1.9,8.61,68.0,HEATING,HEATING,True,ZONE 1,18.5,19.0,,,44.0,45.0,TIME_CONTROLLED,REGULAR
2026-03-09 20:58:07,1.9,8.64,80.0,HEATING,HEATING,True,ZONE 1,18.625,19.0,,,29.0,45.0,TIME_CONTROLLED,REGULAR
2026-03-09 21:29:26,1.9,8.11,40.5,HEATING,HEATING,True,ZONE 1,18.625,19.0,,,48.0,45.0,TIME_CONTROLLED,REGULAR
2026-03-09 21:54:42,1.8,8.11,33.0,HEATING,HEATING,True,ZONE 1,18.6875,19.0,,,48.0,45.0,TIME_CONTROLLED,REGULAR
2026-03-09 22:17:06,1.9,8.17,42.5,HEATING,HEATING,True,ZONE 1,18.6875,19.0,,,48.0,45.0,TIME_CONTROLLED,REGULAR
2026-03-09 22:52:57,1.8,6.7,42.0,HEATING,HEATING,True,ZONE 1,18.8125,19.0,,,47.5,45.0,TIME_CONTROLLED,REGULAR
2026-03-09 23:16:56,1.5,6.41,37.0,STANDBY,STANDBY,True,ZONE 1,18.875,17.5,,,47.5,45.0,TIME_CONTROLLED,REGULAR
2026-03-09 23:49:30,1.4,6.32,34.0,STANDBY,STANDBY,True,ZONE 1,18.6875,17.5,,,47.0,45.0,TIME_CONTROLLED,REGULAR
2026-03-10 00:59:41,1.3,6.35,28.0,STANDBY,STANDBY,True,ZONE 1,18.25,17.5,,,46.5,45.0,TIME_CONTROLLED,REGULAR
2026-03-10 03:26:11,1.4,4.1,32.5,STANDBY,STANDBY,True,ZONE 1,18.0,17.5,,,45.0,45.0,TIME_CONTROLLED,REGULAR
2026-03-10 04:54:57,1.3,3.55,24.5,STANDBY,STANDBY,True,ZONE 1,17.75,17.5,,,44.5,45.0,TIME_CONTROLLED,REGULAR
2026-03-10 05:38:44,1.8,3.78,44.5,HEATING,HEATING,True,ZONE 1,17.75,19.0,,,44.0,45.0,TIME_CONTROLLED,REGULAR
2026-03-10 06:29:11,1.9,3.86,46.5,HEATING,HEATING,True,ZONE 1,18.1875,19.0,,,43.5,45.0,TIME_CONTROLLED,REGULAR
2026-03-10 07:13:18,1.8,5.78,39.5,HEATING,HEATING,True,ZONE 1,18.4375,19.0,,,40.5,45.0,TIME_CONTROLLED,REGULAR
2026-03-10 07:54:32,1.8,8.46,33.0,HEATING,HEATING,True,ZONE 1,18.625,19.0,,,40.0,45.0,TIME_CONTROLLED,REGULAR
2026-03-10 08:27:57,1.4,9.58,35.0,STANDBY,STANDBY,True,ZONE 1,18.4375,17.0,,,40.0,45.0,TIME_CONTROLLED,REGULAR
2026-03-10 09:07:19,1.4,11.38,32.0,STANDBY,STANDBY,True,ZONE 1,18.6875,17.0,,,39.0,45.0,TIME_CONTROLLED,REGULAR
2026-03-10 09:59:20,1.3,13.86,28.0,STANDBY,STANDBY,True,ZONE 1,18.5,17.0,,,38.0,45.0,TIME_CONTROLLED,REGULAR
2026-03-10 10:38:50,1.3,15.16,25.5,STANDBY,STANDBY,True,ZONE 1,18.4375,17.0,,,37.5,45.0,TIME_CONTROLLED,REGULAR
2026-03-10 11:20:07,1.3,15.39,23.5,STANDBY,STANDBY,True,ZONE 1,18.0625,17.5,,,36.5,45.0,TIME_CONTROLLED,REGULAR
2026-03-10 11:53:25,1.3,15.84,22.0,STANDBY,STANDBY,True,ZONE 1,17.9375,17.5,,,36.0,45.0,TIME_CONTROLLED,REGULAR
2026-03-10 12:33:00,1.4,16.37,57.0,STANDBY,STANDBY,True,ZONE 1,17.8125,17.5,,,47.0,45.0,TIME_CONTROLLED,REGULAR
2026-03-10 13:48:20,1.7,16.27,25.5,HEATING,HEATING,True,ZONE 1,18.0,19.0,,,47.0,45.0,TIME_CONTROLLED,REGULAR
2026-03-10 14:38:56,1.7,15.71,33.5,HEATING,HEATING,True,ZONE 1,18.0625,19.0,,,46.5,45.0,TIME_CONTROLLED,REGULAR
2026-03-10 15:43:57,1.3,15.4,25.0,STANDBY,STANDBY,True,ZONE 1,18.1875,17.5,,,45.5,45.0,TIME_CONTROLLED,REGULAR
2026-03-10 16:39:00,1.3,14.43,23.0,STANDBY,STANDBY,True,ZONE 1,18.1875,17.5,,,45.0,45.0,TIME_CONTROLLED,REGULAR
2026-03-10 17:31:11,1.3,13.21,21.0,STANDBY,STANDBY,True,ZONE 1,18.0,17.5,,,44.5,45.0,TIME_CONTROLLED,REGULAR
2026-03-10 18:08:32,1.6,11.8,25.5,HEATING,HEATING,True,ZONE 1,17.9375,19.0,,,44.5,45.0,TIME_CONTROLLED,REGULAR
2026-03-10 19:06:55,1.8,11.26,39.5,HEATING,HEATING,True,ZONE 1,18.1875,19.0,,,43.5,45.0,TIME_CONTROLLED,REGULAR
2026-03-10 19:50:09,1.8,10.89,36.5,HEATING,HEATING,True,ZONE 1,18.25,19.0,,,43.0,45.0,TIME_CONTROLLED,REGULAR
2026-03-10 20:20:59,1.8,10.63,40.5,HEATING,HEATING,True,ZONE 1,18.25,19.0,,,43.0,45.0,TIME_CONTROLLED,REGULAR
2026-03-10 20:56:45,1.8,10.35,34.5,HEATING,HEATING,True,ZONE 1,18.375,19.0,,,46.0,45.0,TIME_CONTROLLED,REGULAR
2026-03-10 21:23:39,1.8,10.35,34.0,HEATING,HEATING,True,ZONE 1,18.375,19.0,,,46.5,45.0,TIME_CONTROLLED,REGULAR
2026-03-10 21:49:41,1.8,9.94,39.5,HEATING,HEATING,True,ZONE 1,18.4375,19.0,,,46.5,45.0,TIME_CONTROLLED,REGULAR
2026-03-10 22:15:45,1.8,9.72,38.0,HEATING,HEATING,True,ZONE 1,18.4375,19.0,,,46.5,45.0,TIME_CONTROLLED,REGULAR
2026-03-10 22:47:46,1.8,9.64,35.0,HEATING,HEATING,True,ZONE 1,18.5,19.0,,,46.5,45.0,TIME_CONTROLLED,REGULAR
2026-03-10 23:39:12,1.4,9.41,32.5,STANDBY,STANDBY,True,ZONE 1,18.4375,17.5,,,46.0,45.0,TIME_CONTROLLED,REGULAR
2026-03-10 23:56:53,1.4,9.41,31.0,STANDBY,STANDBY,True,ZONE 1,18.375,17.5,,,45.5,45.0,TIME_CONTROLLED,REGULAR
2026-03-11 01:18:28,1.3,8.4,25.5,STANDBY,STANDBY,True,ZONE 1,18.0,18.0,,,45.0,45.0,TIME_CONTROLLED,REGULAR
2026-03-11 03:38:16,1.3,8.22,28.5,STANDBY,STANDBY,True,ZONE 1,18.0,17.5,,,43.0,45.0,TIME_CONTROLLED,REGULAR
2026-03-11 05:03:25,1.6,6.72,24.0,HEATING,HEATING,True,ZONE 1,17.75,19.0,,,42.5,45.0,TIME_CONTROLLED,REGULAR
2026-03-11 06:01:43,1.8,6.52,44.5,HEATING,HEATING,True,ZONE 1,18.1875,19.0,,,39.5,45.0,TIME_CONTROLLED,REGULAR
2026-03-11 07:10:28,1.8,8.72,38.0,HEATING,HEATING,True,ZONE 1,18.4375,19.0,,,47.0,45.0,TIME_CONTROLLED,REGULAR
2026-03-11 07:52:48,1.8,9.84,33.0,HEATING,HEATING,True,ZONE 1,18.6875,19.0,,,47.0,45.0,TIME_CONTROLLED,REGULAR
2026-03-11 08:27:24,1.8,9.84,35.0,HEATING,HEATING,True,ZONE 1,18.8125,19.0,,,46.5,45.0,TIME_CONTROLLED,REGULAR
2026-03-11 09:05:36,1.8,11.7,33.5,HEATING,HEATING,True,ZONE 1,18.875,19.0,,,46.5,45.0,TIME_CONTROLLED,REGULAR
2026-03-11 09:59:43,1.7,14.23,29.5,HEATING,HEATING,True,ZONE 1,18.9375,19.0,,,46.0,45.0,TIME_CONTROLLED,REGULAR
2026-03-11 10:40:04,1.3,15.32,27.5,STANDBY,STANDBY,True,ZONE 1,18.875,17.5,,,45.5,45.0,TIME_CONTROLLED,REGULAR
2026-03-11 11:19:39,1.3,16.07,25.0,STANDBY,STANDBY,True,ZONE 1,18.8125,17.5,,,45.0,45.0,TIME_CONTROLLED,REGULAR
2026-03-11 11:53:13,1.3,17.19,24.0,STANDBY,STANDBY,True,ZONE 1,18.6875,17.5,,,45.0,45.0,TIME_CONTROLLED,REGULAR
2026-03-11 12:32:31,1.3,17.55,22.0,STANDBY,STANDBY,True,ZONE 1,18.625,17.5,,,44.5,45.0,TIME_CONTROLLED,REGULAR
2026-03-11 13:51:39,1.7,18.25,23.5,HEATING,HEATING,True,ZONE 1,18.625,19.0,,,44.0,45.0,TIME_CONTROLLED,REGULAR
2026-03-11 14:38:57,1.7,17.62,24.5,HEATING,HEATING,True,ZONE 1,18.625,19.0,,,43.5,45.0,TIME_CONTROLLED,REGULAR
2026-03-11 15:30:31,1.3,17.49,22.0,STANDBY,STANDBY,True,ZONE 1,18.5,17.5,,,43.0,45.0,TIME_CONTROLLED,REGULAR
2026-03-11 16:11:55,1.3,16.04,21.0,STANDBY,STANDBY,True,ZONE 1,18.4375,17.5,,,42.5,45.0,TIME_CONTROLLED,REGULAR
2026-03-11 17:09:24,1.3,14.6,20.0,STANDBY,STANDBY,True,ZONE 1,18.1875,17.5,,,42.0,45.0,TIME_CONTROLLED,CYLINDER_BOOST
2026-03-11 18:01:16,1.4,12.76,59.0,HEATING,HEATING,True,ZONE 1,18.1875,19.0,,,46.5,45.0,TIME_CONTROLLED,REGULAR
2026-03-11 19:09:17,1.8,11.97,35.0,HEATING,HEATING,True,ZONE 1,18.4375,19.0,,,46.0,45.0,TIME_CONTROLLED,REGULAR
2026-03-11 19:49:22,1.8,11.38,33.5,HEATING,HEATING,True,ZONE 1,18.625,19.0,,,46.0,45.0,TIME_CONTROLLED,REGULAR
2026-03-11 20:22:18,1.8,9.94,35.0,HEATING,HEATING,True,ZONE 1,18.6875,19.0,,,45.5,45.0,TIME_CONTROLLED,REGULAR
2026-03-11 20:56:00,1.8,9.42,34.0,HEATING,HEATING,True,ZONE 1,18.8125,19.0,,,45.0,45.0,TIME_CONTROLLED,REGULAR
2026-03-11 21:23:53,1.8,10.07,80.5,HEATING,HEATING,True,ZONE 1,18.8125,19.0,,,33.0,45.0,TIME_CONTROLLED,REGULAR
2026-03-11 21:53:56,1.8,10.07,38.0,HEATING,HEATING,True,ZONE 1,18.8125,19.0,,,47.5,45.0,TIME_CONTROLLED,REGULAR
2026-03-11 22:17:10,1.8,9.83,31.0,HEATING,HEATING,True,ZONE 1,18.8125,19.0,,,47.5,45.0,TIME_CONTROLLED,REGULAR
2026-03-11 22:48:16,1.8,9.39,34.5,HEATING,HEATING,True,ZONE 1,18.8125,19.0,,,47.5,45.0,TIME_CONTROLLED,REGULAR
2026-03-11 23:28:41,1.4,8.75,30.5,STANDBY,STANDBY,True,ZONE 1,18.8125,17.5,,,47.0,45.0,TIME_CONTROLLED,REGULAR
2026-03-11 23:48:46,1.4,8.57,29.0,STANDBY,STANDBY,True,ZONE 1,18.625,17.5,,,47.0,45.0,TIME_CONTROLLED,REGULAR
2026-03-12 00:57:31,1.3,8.02,25.0,STANDBY,STANDBY,True,ZONE 1,18.375,17.5,,,46.5,45.0,TIME_CONTROLLED,REGULAR
2026-03-12 03:29:35,1.3,6.55,20.0,STANDBY,STANDBY,True,ZONE 1,17.9375,17.5,,,45.0,45.0,TIME_CONTROLLED,REGULAR
2026-03-12 06:05:00,1.8,5.89,43.5,HEATING,HEATING,True,ZONE 1,18.0625,19.0,,,42.0,45.0,TIME_CONTROLLED,REGULAR
2026-03-12 07:12:04,1.8,8.01,38.0,HEATING,HEATING,True,ZONE 1,18.375,19.0,,,41.5,45.0,TIME_CONTROLLED,REGULAR
2026-03-12 07:53:41,1.4,8.99,31.5,STANDBY,STANDBY,True,ZONE 1,18.625,17.0,,,40.5,45.0,TIME_CONTROLLED,REGULAR
2026-03-12 08:29:36,1.3,12.16,29.0,STANDBY,STANDBY,True,ZONE 1,18.625,17.0,,,40.0,45.0,TIME_CONTROLLED,REGULAR
2026-03-12 09:08:42,1.3,13.2,26.5,STANDBY,STANDBY,True,ZONE 1,18.5,17.0,,,40.0,45.0,TIME_CONTROLLED,REGULAR
2026-03-12 09:59:31,1.3,13.77,24.0,STANDBY,STANDBY,True,ZONE 1,18.4375,17.0,,,39.5,45.0,TIME_CONTROLLED,REGULAR
2026-03-12 10:38:50,1.3,14.34,22.5,STANDBY,STANDBY,True,ZONE 1,18.375,17.5,,,39.5,45.0,TIME_CONTROLLED,REGULAR
2026-03-12 11:20:38,1.3,15.5,21.0,STANDBY,STANDBY,True,ZONE 1,18.25,17.5,,,39.0,45.0,TIME_CONTROLLED,REGULAR
2026-03-12 11:48:19,1.2,15.5,20.0,STANDBY,STANDBY,True,ZONE 1,18.25,17.5,,,39.0,45.0,TIME_CONTROLLED,REGULAR
2026-03-12 12:31:47,1.2,16.01,19.5,STANDBY,STANDBY,True,ZONE 1,18.1875,17.5,,,38.5,45.0,TIME_CONTROLLED,REGULAR
2026-03-12 13:43:40,1.7,16.1,25.5,HEATING,HEATING,True,ZONE 1,18.4375,19.0,,,47.0,45.0,TIME_CONTROLLED,REGULAR
2026-03-12 14:31:38,1.7,15.83,26.0,HEATING,HEATING,True,ZONE 1,18.25,19.0,,,46.5,45.0,TIME_CONTROLLED,REGULAR
2026-03-12 15:31:12,1.3,15.35,26.0,STANDBY,STANDBY,True,ZONE 1,18.4375,17.5,,,46.0,45.0,TIME_CONTROLLED,REGULAR
2026-03-12 16:34:42,1.3,13.43,23.0,STANDBY,STANDBY,True,ZONE 1,18.4375,17.5,,,45.5,45.0,TIME_CONTROLLED,REGULAR
2026-03-12 17:33:19,1.8,12.39,71.5,STANDBY,STANDBY,True,ZONE 1,18.25,17.5,,,43.5,45.0,TIME_CONTROLLED,CYLINDER_BOOST
2026-03-12 18:31:42,1.8,11.25,38.0,HEATING,HEATING,True,ZONE 1,18.375,19.0,,,44.5,45.0,TIME_CONTROLLED,REGULAR
2026-03-12 19:25:30,1.8,10.25,37.0,HEATING,HEATING,True,ZONE 1,18.0,19.0,,,48.0,45.0,TIME_CONTROLLED,REGULAR
2026-03-12 19:57:01,1.8,9.98,31.0,HEATING,HEATING,True,ZONE 1,18.5,19.0,,,48.0,45.0,TIME_CONTROLLED,REGULAR
2026-03-12 20:27:04,1.8,9.5,32.5,HEATING,HEATING,True,ZONE 1,18.6875,19.0,,,47.5,45.0,TIME_CONTROLLED,REGULAR
2026-03-12 20:59:05,1.8,9.5,35.5,HEATING,HEATING,True,ZONE 1,18.8125,19.0,,,47.5,45.0,TIME_CONTROLLED,REGULAR
2026-03-12 21:31:37,1.8,8.68,33.5,HEATING,HEATING,True,ZONE 1,18.8125,19.0,,,47.0,45.0,TIME_CONTROLLED,REGULAR
2026-03-12 21:56:49,1.8,8.49,37.0,HEATING,HEATING,True,ZONE 1,18.8125,19.0,,,46.0,45.0,TIME_CONTROLLED,REGULAR
2026-03-12 22:18:43,1.8,8.29,37.5,HEATING,HEATING,True,ZONE 1,18.8125,19.0,,,11.0,45.0,TIME_CONTROLLED,REGULAR
2026-03-12 22:50:44,1.7,8.29,36.5,HEATING,HEATING,True,ZONE 1,18.875,19.0,,,11.0,45.0,TIME_CONTROLLED,REGULAR
2026-03-12 23:17:36,1.4,7.86,34.0,STANDBY,STANDBY,True,ZONE 1,18.875,17.5,,,11.5,45.0,TIME_CONTROLLED,REGULAR
2026-03-12 23:48:14,1.3,7.16,31.5,STANDBY,STANDBY,True,ZONE 1,18.6875,17.5,,,12.0,45.0,TIME_CONTROLLED,REGULAR
2026-03-13 02:51:14,1.2,6.04,21.0,STANDBY,STANDBY,True,ZONE 1,18.0625,18.0,,,12.5,45.0,TIME_CONTROLLED,REGULAR
2026-03-13 04:27:48,1.4,5.93,42.0,STANDBY,STANDBY,True,ZONE 1,17.8125,17.5,,,47.0,45.0,TIME_CONTROLLED,REGULAR
2026-03-13 05:31:02,1.7,5.72,36.5,HEATING,HEATING,True,ZONE 1,17.9375,19.0,,,46.0,45.0,TIME_CONTROLLED,REGULAR
2026-03-13 06:09:02,1.8,6.39,44.5,HEATING,HEATING,True,ZONE 1,18.1875,19.0,,,45.5,45.0,TIME_CONTROLLED,REGULAR
2026-03-13 07:10:56,1.8,7.57,37.0,HEATING,HEATING,True,ZONE 1,18.5,19.0,,,45.0,45.0,TIME_CONTROLLED,REGULAR
2026-03-13 07:53:47,1.8,10.55,34.5,HEATING,HEATING,True,ZONE 1,18.8125,19.0,,,44.5,45.0,TIME_CONTROLLED,REGULAR
2026-03-13 08:27:16,1.8,10.55,35.5,HEATING,HEATING,True,ZONE 1,18.9375,19.0,,,44.0,45.0,TIME_CONTROLLED,REGULAR
2026-03-13 09:04:00,1.7,12.91,35.5,HEATING,HEATING,True,ZONE 1,19.0625,19.0,,,43.5,45.0,TIME_CONTROLLED,REGULAR
2026-03-13 09:55:14,1.7,14.1,30.5,HEATING,HEATING,True,ZONE 1,18.9375,19.0,,,43.0,45.0,TIME_CONTROLLED,REGULAR
2026-03-13 10:24:08,1.3,15.07,28.0,STANDBY,STANDBY,True,ZONE 1,18.9375,17.5,,,42.5,45.0,TIME_CONTROLLED,REGULAR
2026-03-13 11:05:06,1.3,15.77,26.0,STANDBY,STANDBY,True,ZONE 1,18.8125,17.5,,,42.0,45.0,TIME_CONTROLLED,REGULAR
2026-03-13 11:44:46,1.3,16.25,24.0,STANDBY,STANDBY,True,ZONE 1,18.6875,17.5,,,42.0,45.0,TIME_CONTROLLED,REGULAR
2026-03-13 12:00:57,1.3,17.03,23.0,STANDBY,STANDBY,True,ZONE 1,18.625,17.5,,,41.5,45.0,TIME_CONTROLLED,REGULAR
2026-03-13 13:33:25,1.7,17.86,81.0,HEATING,HEATING,True,ZONE 1,18.5,19.0,,,40.5,45.0,TIME_CONTROLLED,REGULAR
2026-03-13 14:27:14,1.7,17.49,27.5,HEATING,HEATING,True,ZONE 1,18.625,19.0,,,47.0,45.0,TIME_CONTROLLED,REGULAR
2026-03-13 15:07:32,1.3,17.92,24.0,STANDBY,STANDBY,True,ZONE 1,18.4375,17.5,,,46.5,45.0,TIME_CONTROLLED,REGULAR
2026-03-13 15:56:35,1.3,16.89,23.0,STANDBY,STANDBY,True,ZONE 1,18.5,17.5,,,46.0,45.0,TIME_CONTROLLED,REGULAR
2026-03-13 16:30:23,1.3,16.21,21.5,STANDBY,STANDBY,True,ZONE 1,18.625,17.5,,,45.5,45.0,TIME_CONTROLLED,REGULAR
2026-03-13 17:06:21,1.3,16.21,21.0,STANDBY,STANDBY,True,ZONE 1,18.5,17.5,,,45.0,45.0,TIME_CONTROLLED,REGULAR
2026-03-13 17:51:39,1.2,13.99,20.0,STANDBY,STANDBY,True,ZONE 1,18.5,17.5,,,44.5,45.0,TIME_CONTROLLED,REGULAR
2026-03-13 18:26:26,1.7,13.28,36.0,HEATING,HEATING,True,ZONE 1,18.6875,19.0,,,44.0,45.0,TIME_CONTROLLED,REGULAR
2026-03-13 19:06:35,1.7,12.63,35.5,HEATING,HEATING,True,ZONE 1,18.875,19.0,,,43.5,45.0,TIME_CONTROLLED,REGULAR
2026-03-13 19:45:48,1.7,12.4,36.0,HEATING,HEATING,True,ZONE 1,18.9375,19.0,,,43.0,45.0,TIME_CONTROLLED,REGULAR
2026-03-13 20:01:59,1.7,11.99,30.0,HEATING,HEATING,True,ZONE 1,18.9375,19.0,,,40.5,45.0,TIME_CONTROLLED,REGULAR
2026-03-13 20:52:29,1.8,11.19,34.0,HEATING,HEATING,True,ZONE 1,18.9375,19.0,,,45.0,45.0,TIME_CONTROLLED,CYLINDER_BOOST
2026-03-13 21:22:40,1.8,11.23,36.5,HEATING,HEATING,True,ZONE 1,19.0625,19.0,,,44.0,45.0,TIME_CONTROLLED,REGULAR
2026-03-13 21:54:06,1.7,11.23,32.5,HEATING,HEATING,True,ZONE 1,19.0625,19.0,,,43.5,45.0,TIME_CONTROLLED,REGULAR
2026-03-13 22:18:37,1.7,10.55,32.5,HEATING,HEATING,True,ZONE 1,19.0625,19.0,,,42.5,45.0,TIME_CONTROLLED,REGULAR
2026-03-13 22:51:14,1.7,9.89,34.5,HEATING,HEATING,True,ZONE 1,19.0625,19.0,,,42.0,45.0,TIME_CONTROLLED,REGULAR
2026-03-13 23:17:51,1.4,9.78,30.5,STANDBY,STANDBY,True,ZONE 1,18.9375,17.5,,,41.5,45.0,TIME_CONTROLLED,REGULAR
2026-03-13 23:50:22,1.3,9.22,28.5,STANDBY,STANDBY,True,ZONE 1,18.8125,17.5,,,41.0,45.0,TIME_CONTROLLED,REGULAR
2026-03-14 01:02:46,1.3,8.98,24.5,STANDBY,STANDBY,True,ZONE 1,18.5,18.0,,,39.5,45.0,TIME_CONTROLLED,REGULAR
2026-03-14 03:35:19,1.2,7.61,19.5,STANDBY,STANDBY,True,ZONE 1,18.0625,17.5,,,37.5,45.0,TIME_CONTROLLED,REGULAR
2026-03-14 05:02:56,1.5,7.08,44.0,HEATING,HEATING,True,ZONE 1,18.0,19.0,,,34.0,45.0,TIME_CONTROLLED,REGULAR
2026-03-14 05:59:10,1.8,7.29,41.5,HEATING,HEATING,True,ZONE 1,18.1875,19.0,,,47.5,45.0,TIME_CONTROLLED,REGULAR
2026-03-14 06:44:26,1.8,8.17,39.0,HEATING,HEATING,True,ZONE 1,18.4375,19.0,,,47.0,45.0,TIME_CONTROLLED,REGULAR
2026-03-14 07:23:58,1.8,9.74,35.5,HEATING,HEATING,True,ZONE 1,18.6875,19.0,,,47.0,45.0,TIME_CONTROLLED,REGULAR
2026-03-14 07:53:44,1.7,10.94,31.0,HEATING,HEATING,True,ZONE 1,18.875,19.0,,,46.5,45.0,TIME_CONTROLLED,REGULAR
2026-03-14 08:21:12,1.3,12.39,28.5,STANDBY,STANDBY,True,ZONE 1,18.9375,18.5,,,46.5,45.0,TIME_CONTROLLED,REGULAR
2026-03-14 08:58:51,1.3,13.5,28.5,STANDBY,STANDBY,True,ZONE 1,18.25,15.5,,,46.0,45.0,TIME_CONTROLLED,REGULAR
2026-03-14 09:31:02,1.3,14.83,27.0,STANDBY,STANDBY,True,ZONE 1,18.5,15.5,,,45.0,45.0,TIME_CONTROLLED,REGULAR
2026-03-14 09:57:01,1.3,14.83,25.5,STANDBY,STANDBY,True,ZONE 1,18.1875,15.5,,,43.0,45.0,TIME_CONTROLLED,REGULAR
2026-03-14 10:21:40,1.3,16.12,24.5,STANDBY,STANDBY,True,ZONE 1,18.0,15.5,,,11.0,45.0,TIME_CONTROLLED,REGULAR
2026-03-14 10:52:52,1.3,17.17,46.5,STANDBY,STANDBY,True,ZONE 1,18.1875,15.5,,,21.5,45.0,TIME_CONTROLLED,REGULAR
2026-03-14 11:14:50,1.3,17.17,41.0,STANDBY,STANDBY,True,ZONE 1,18.1875,15.5,,,21.5,45.0,TIME_CONTROLLED,REGULAR
2026-03-14 11:37:29,1.3,17.44,36.5,STANDBY,STANDBY,True,ZONE 1,18.1875,15.5,,,21.5,45.0,TIME_CONTROLLED,REGULAR
2026-03-14 11:56:18,1.3,17.44,33.0,STANDBY,STANDBY,True,ZONE 1,18.25,17.5,,,21.5,45.0,TIME_CONTROLLED,REGULAR
2026-03-14 12:30:43,1.4,18.44,62.0,STANDBY,STANDBY,True,ZONE 1,18.4375,17.5,,,46.0,45.0,TIME_CONTROLLED,REGULAR
2026-03-14 13:27:53,1.4,18.31,43.5,STANDBY,STANDBY,True,ZONE 1,18.5,18.5,,,47.0,45.0,TIME_CONTROLLED,REGULAR
2026-03-14 13:59:32,1.4,18.43,36.5,STANDBY,STANDBY,True,ZONE 1,18.5,18.5,,,47.0,45.0,TIME_CONTROLLED,REGULAR
2026-03-14 14:28:45,1.3,18.14,33.0,STANDBY,STANDBY,True,ZONE 1,18.4375,18.5,,,46.5,45.0,TIME_CONTROLLED,REGULAR
2026-03-14 14:53:45,1.3,18.14,30.5,STANDBY,STANDBY,True,ZONE 1,18.375,18.5,,,46.5,45.0,TIME_CONTROLLED,REGULAR
2026-03-14 15:16:57,1.3,18.13,23.0,STANDBY,STANDBY,True,ZONE 1,18.375,17.5,,,44.5,45.0,TIME_CONTROLLED,REGULAR
2026-03-14 15:48:56,1.3,17.72,23.0,STANDBY,STANDBY,True,ZONE 1,18.5,17.5,,,42.5,45.0,TIME_CONTROLLED,REGULAR
2026-03-14 16:17:02,1.3,17.04,22.0,STANDBY,STANDBY,True,ZONE 1,18.4375,17.5,,,42.0,45.0,TIME_CONTROLLED,REGULAR
2026-03-14 16:54:24,1.2,16.21,21.0,STANDBY,STANDBY,True,ZONE 1,18.25,17.5,,,40.0,45.0,TIME_CONTROLLED,REGULAR
2026-03-14 17:16:42,1.2,16.21,21.0,STANDBY,STANDBY,True,ZONE 1,18.25,17.5,,,39.5,45.0,TIME_CONTROLLED,REGULAR
2026-03-14 17:50:18,1.2,14.93,20.0,STANDBY,STANDBY,True,ZONE 1,18.1875,17.5,,,39.0,45.0,TIME_CONTROLLED,REGULAR
2026-03-14 18:21:19,1.2,14.08,21.0,STANDBY,STANDBY,True,ZONE 1,18.1875,17.5,,,38.5,45.0,TIME_CONTROLLED,REGULAR
2026-03-14 19:02:13,1.7,13.22,60.5,STANDBY,STANDBY,True,ZONE 1,18.25,17.5,,,38.0,45.0,TIME_CONTROLLED,REGULAR
2026-03-14 19:38:40,1.3,12.84,51.5,STANDBY,STANDBY,True,ZONE 1,18.375,17.5,,,47.0,45.0,TIME_CONTROLLED,REGULAR
2026-03-14 19:56:06,1.3,12.84,45.0,STANDBY,STANDBY,True,ZONE 1,18.25,17.5,,,47.0,45.0,TIME_CONTROLLED,REGULAR
2026-03-14 20:17:27,1.3,12.29,40.0,STANDBY,STANDBY,True,ZONE 1,18.25,17.5,,,47.0,45.0,TIME_CONTROLLED,REGULAR
2026-03-14 20:50:42,1.3,11.78,34.5,STANDBY,STANDBY,True,ZONE 1,18.25,17.5,,,46.5,45.0,TIME_CONTROLLED,REGULAR
2026-03-14 21:16:26,1.7,11.16,79.5,HEATING,HEATING,True,ZONE 1,18.25,18.5,,,24.5,45.0,TIME_CONTROLLED,REGULAR
2026-03-14 21:48:16,1.8,10.92,31.0,HEATING,HEATING,True,ZONE 1,18.0625,18.5,,,47.0,45.0,TIME_CONTROLLED,REGULAR
2026-03-14 22:28:17,1.8,10.68,32.5,HEATING,HEATING,True,ZONE 1,18.375,18.5,,,47.5,45.0,TIME_CONTROLLED,REGULAR
2026-03-14 22:51:44,1.7,10.68,30.0,HEATING,HEATING,True,ZONE 1,18.375,18.5,,,47.0,45.0,TIME_CONTROLLED,REGULAR
2026-03-14 23:16:49,1.4,10.01,29.5,STANDBY,STANDBY,True,ZONE 1,18.4375,17.5,,,47.0,45.0,TIME_CONTROLLED,REGULAR
2026-03-14 23:48:38,1.3,9.38,28.0,STANDBY,STANDBY,True,ZONE 1,18.375,17.5,,,46.5,45.0,TIME_CONTROLLED,REGULAR
2026-03-15 01:13:19,1.3,8.36,23.5,STANDBY,STANDBY,True,ZONE 1,18.0625,18.0,,,46.0,45.0,TIME_CONTROLLED,REGULAR
2026-03-15 04:05:41,1.3,6.42,26.0,STANDBY,STANDBY,True,ZONE 1,17.9375,17.5,,,44.5,45.0,TIME_CONTROLLED,REGULAR
2026-03-15 05:43:22,1.2,5.72,21.0,STANDBY,STANDBY,True,ZONE 1,17.75,17.0,,,43.5,45.0,TIME_CONTROLLED,REGULAR
2026-03-15 06:37:48,1.2,6.14,19.5,STANDBY,STANDBY,True,ZONE 1,17.625,17.0,,,43.0,45.0,TIME_CONTROLLED,REGULAR
2026-03-15 07:32:51,1.2,8.52,18.5,STANDBY,STANDBY,True,ZONE 1,17.3125,17.0,,,42.5,45.0,TIME_CONTROLLED,REGULAR
2026-03-15 08:03:41,1.2,10.02,18.0,STANDBY,STANDBY,True,ZONE 1,17.3125,17.0,,,41.0,45.0,TIME_CONTROLLED,REGULAR
2026-03-15 08:52:55,1.2,10.86,17.5,STANDBY,STANDBY,True,ZONE 1,17.75,17.0,,,40.0,45.0,TIME_CONTROLLED,REGULAR
2026-03-15 09:23:14,1.2,11.55,17.5,STANDBY,STANDBY,True,ZONE 1,17.75,17.0,,,39.5,45.0,TIME_CONTROLLED,REGULAR
2026-03-15 09:56:06,1.2,12.98,17.0,STANDBY,STANDBY,True,ZONE 1,17.8125,17.0,,,39.0,45.0,TIME_CONTROLLED,REGULAR
2026-03-15 10:19:49,1.2,14.48,17.0,STANDBY,STANDBY,True,ZONE 1,17.9375,17.5,,,38.5,45.0,TIME_CONTROLLED,REGULAR
2026-03-15 10:55:32,1.2,15.26,16.5,STANDBY,STANDBY,True,ZONE 1,17.9375,17.5,,,36.5,45.0,TIME_CONTROLLED,REGULAR
2026-03-15 11:17:14,1.2,15.26,16.5,STANDBY,STANDBY,True,ZONE 1,18.0,17.5,,,36.0,45.0,TIME_CONTROLLED,REGULAR
2026-03-15 11:46:53,1.2,16.08,16.5,STANDBY,STANDBY,True,ZONE 1,18.1875,17.5,,,34.5,45.0,TIME_CONTROLLED,REGULAR
2026-03-15 12:49:10,1.3,17.33,48.0,STANDBY,STANDBY,True,ZONE 1,18.4375,17.5,,,47.5,45.0,TIME_CONTROLLED,REGULAR
2026-03-15 13:39:00,1.3,17.69,35.5,STANDBY,STANDBY,True,ZONE 1,18.5,18.5,,,47.0,45.0,TIME_CONTROLLED,REGULAR
2026-03-15 14:16:17,1.3,18.15,31.0,STANDBY,STANDBY,True,ZONE 1,18.375,18.5,,,46.5,45.0,TIME_CONTROLLED,REGULAR
2026-03-15 14:54:07,1.7,17.44,27.0,HEATING,HEATING,True,ZONE 1,18.1875,18.5,,,46.0,45.0,TIME_CONTROLLED,REGULAR
2026-03-15 15:17:58,1.3,17.05,25.5,STANDBY,STANDBY,True,ZONE 1,18.4375,17.5,,,46.0,45.0,TIME_CONTROLLED,REGULAR
2026-03-15 15:50:30,1.3,17.1,24.5,STANDBY,STANDBY,True,ZONE 1,18.1875,17.5,,,45.5,45.0,TIME_CONTROLLED,REGULAR
2026-03-15 16:18:06,1.3,16.0,23.5,STANDBY,STANDBY,True,ZONE 1,18.0625,17.5,,,45.5,45.0,TIME_CONTROLLED,REGULAR
2026-03-15 16:55:01,1.2,14.2,22.0,STANDBY,STANDBY,True,ZONE 1,17.9375,17.5,,,45.0,45.0,TIME_CONTROLLED,REGULAR
2026-03-15 17:17:39,1.2,14.2,21.5,STANDBY,STANDBY,True,ZONE 1,17.9375,17.5,,,39.0,45.0,TIME_CONTROLLED,REGULAR
2026-03-15 17:52:27,1.2,11.79,17.5,STANDBY,STANDBY,True,ZONE 1,18.0625,17.5,,,37.5,45.0,TIME_CONTROLLED,REGULAR
2026-03-15 18:22:58,1.7,11.79,32.5,HEATING,HEATING,True,ZONE 1,18.0625,18.5,,,47.0,45.0,TIME_CONTROLLED,REGULAR
2026-03-15 19:03:13,1.7,10.74,59.5,HEATING,HEATING,True,ZONE 1,18.375,18.5,,,32.5,45.0,TIME_CONTROLLED,REGULAR
2026-03-15 19:41:28,1.8,9.07,38.5,HEATING,HEATING,True,ZONE 1,18.375,18.5,,,46.5,45.0,TIME_CONTROLLED,REGULAR
2026-03-15 19:56:36,1.8,7.94,32.5,HEATING,HEATING,True,ZONE 1,18.375,18.5,,,46.5,45.0,TIME_CONTROLLED,REGULAR
2026-03-15 20:19:14,1.8,7.94,39.5,HEATING,HEATING,True,ZONE 1,18.4375,18.5,,,46.0,45.0,TIME_CONTROLLED,REGULAR
2026-03-15 20:52:07,1.7,7.11,39.5,HEATING,HEATING,True,ZONE 1,18.5,18.5,,,46.0,45.0,TIME_CONTROLLED,REGULAR
2026-03-15 21:17:20,1.4,6.98,34.5,STANDBY,STANDBY,True,ZONE 1,18.625,18.5,,,45.5,45.0,TIME_CONTROLLED,REGULAR
2026-03-15 21:49:39,1.3,6.79,31.5,STANDBY,STANDBY,True,ZONE 1,18.5,18.5,,,45.0,45.0,TIME_CONTROLLED,REGULAR
2026-03-15 22:15:46,1.3,6.43,29.5,STANDBY,STANDBY,True,ZONE 1,18.375,18.5,,,44.5,45.0,TIME_CONTROLLED,REGULAR
2026-03-15 22:48:19,1.7,6.41,38.0,HEATING,HEATING,True,ZONE 1,18.375,18.5,,,43.5,45.0,TIME_CONTROLLED,REGULAR
2026-03-15 23:17:53,1.4,6.5,35.5,STANDBY,STANDBY,True,ZONE 1,18.5,17.5,,,43.0,45.0,TIME_CONTROLLED,REGULAR
2026-03-15 23:50:51,1.3,6.34,31.5,STANDBY,STANDBY,True,ZONE 1,18.4375,17.5,,,42.5,45.0,TIME_CONTROLLED,REGULAR
2026-03-16 01:12:54,1.2,6.4,25.5,STANDBY,STANDBY,True,ZONE 1,18.0625,18.0,,,41.5,45.0,TIME_CONTROLLED,REGULAR
2026-03-16 04:11:57,1.2,5.91,22.0,STANDBY,STANDBY,True,ZONE 1,17.8125,17.5,,,39.0,45.0,TIME_CONTROLLED,REGULAR
2026-03-16 05:56:22,1.3,5.65,50.0,STANDBY,STANDBY,True,ZONE 1,17.375,17.0,,,47.5,45.0,TIME_CONTROLLED,REGULAR
2026-03-16 07:06:17,1.3,6.14,35.0,STANDBY,STANDBY,True,ZONE 1,17.5625,17.0,,,46.0,45.0,TIME_CONTROLLED,REGULAR
2026-03-16 08:14:44,1.2,7.8,27.5,STANDBY,STANDBY,True,ZONE 1,17.8125,17.0,,,45.5,45.0,TIME_CONTROLLED,REGULAR
2026-03-16 09:13:54,1.2,9.91,24.5,STANDBY,STANDBY,True,ZONE 1,17.9375,17.0,,,45.0,45.0,TIME_CONTROLLED,REGULAR
2026-03-16 10:14:54,1.2,11.47,22.5,STANDBY,STANDBY,True,ZONE 1,17.8125,17.5,,,44.5,45.0,TIME_CONTROLLED,REGULAR
2026-03-16 11:11:53,1.2,12.72,21.0,STANDBY,STANDBY,True,ZONE 1,17.75,17.5,,,44.0,45.0,TIME_CONTROLLED,REGULAR
2026-03-16 11:56:01,1.2,13.08,20.0,STANDBY,STANDBY,True,ZONE 1,17.75,17.5,,,43.5,45.0,TIME_CONTROLLED,REGULAR
2026-03-16 12:46:57,1.6,13.41,26.5,HEATING,HEATING,True,ZONE 1,17.125,17.5,,,42.5,45.0,TIME_CONTROLLED,REGULAR
2026-03-16 14:08:09,1.7,13.05,32.0,HEATING,HEATING,True,ZONE 1,18.0625,18.5,,,41.5,45.0,TIME_CONTROLLED,REGULAR
2026-03-16 15:18:14,1.3,11.82,29.0,STANDBY,STANDBY,True,ZONE 1,17.9375,17.5,,,39.5,45.0,TIME_CONTROLLED,REGULAR
2026-03-16 16:35:44,1.2,9.55,24.5,STANDBY,STANDBY,True,ZONE 1,17.9375,17.5,,,37.5,45.0,TIME_CONTROLLED,REGULAR
2026-03-16 17:43:21,1.7,7.6,37.5,HEATING,HEATING,True,ZONE 1,18.0,19.0,,,47.0,45.0,TIME_CONTROLLED,REGULAR
2026-03-16 18:37:12,1.8,7.02,74.0,HEATING,HEATING,True,ZONE 1,18.375,19.0,,,43.5,45.0,TIME_CONTROLLED,REGULAR
2026-03-16 19:41:18,1.8,6.84,40.0,HEATING,HEATING,True,ZONE 1,18.1875,19.0,,,47.5,45.0,TIME_CONTROLLED,REGULAR
2026-03-16 20:06:11,1.8,6.67,79.5,HEATING,HEATING,True,ZONE 1,18.375,18.5,,,25.0,45.0,TIME_CONTROLLED,REGULAR
2026-03-16 20:56:22,1.8,6.81,34.5,HEATING,HEATING,True,ZONE 1,18.4375,18.5,,,48.0,45.0,TIME_CONTROLLED,REGULAR
2026-03-16 21:30:31,1.8,6.41,37.0,HEATING,HEATING,True,ZONE 1,18.4375,18.5,,,48.0,45.0,TIME_CONTROLLED,REGULAR
2026-03-16 22:02:37,1.8,5.99,42.5,HEATING,HEATING,True,ZONE 1,18.5,18.5,,,48.0,45.0,TIME_CONTROLLED,REGULAR
2026-03-16 22:50:33,1.8,5.32,39.5,STANDBY,STANDBY,True,ZONE 1,18.625,18.5,,,47.5,45.0,TIME_CONTROLLED,REGULAR
2026-03-16 23:19:58,1.4,5.32,36.0,STANDBY,STANDBY,True,ZONE 1,18.625,17.5,,,47.5,45.0,TIME_CONTROLLED,REGULAR
2026-03-16 23:50:48,1.3,4.92,32.5,STANDBY,STANDBY,True,ZONE 1,18.4375,17.5,,,47.0,45.0,TIME_CONTROLLED,REGULAR
2026-03-17 01:04:54,1.2,5.11,26.5,STANDBY,STANDBY,True,ZONE 1,18.0625,18.0,,,46.5,45.0,TIME_CONTROLLED,REGULAR
2026-03-17 03:42:08,1.3,4.67,32.5,STANDBY,STANDBY,True,ZONE 1,18.1875,17.5,,,45.0,45.0,TIME_CONTROLLED,REGULAR
2026-03-17 05:12:30,1.2,4.05,25.0,STANDBY,STANDBY,True,ZONE 1,17.8125,17.0,,,44.5,45.0,TIME_CONTROLLED,REGULAR
2026-03-17 06:12:44,1.2,3.94,22.0,STANDBY,STANDBY,True,ZONE 1,17.3125,17.0,,,43.5,45.0,TIME_CONTROLLED,REGULAR
2026-03-17 07:18:47,1.2,5.6,20.0,STANDBY,STANDBY,True,ZONE 1,17.5625,17.0,,,42.0,45.0,TIME_CONTROLLED,REGULAR
2026-03-17 08:06:00,1.2,6.83,19.0,STANDBY,STANDBY,True,ZONE 1,17.8125,17.0,,,41.5,45.0,TIME_CONTROLLED,REGULAR
2026-03-17 09:07:15,1.2,8.55,18.0,STANDBY,STANDBY,True,ZONE 1,17.8125,17.0,,,41.0,45.0,TIME_CONTROLLED,REGULAR
2026-03-17 10:07:21,1.2,10.48,17.5,STANDBY,STANDBY,True,ZONE 1,17.75,17.5,,,40.5,45.0,TIME_CONTROLLED,REGULAR
2026-03-17 11:07:11,1.2,10.9,17.0,STANDBY,STANDBY,True,ZONE 1,17.75,17.5,,,40.0,45.0,TIME_CONTROLLED,REGULAR
2026-03-17 11:53:41,1.1,10.83,16.5,STANDBY,STANDBY,True,ZONE 1,17.625,17.5,,,37.0,45.0,TIME_CONTROLLED,REGULAR
2026-03-17 12:41:07,1.7,11.32,35.0,HEATING,HEATING,True,ZONE 1,17.5625,17.5,,,47.0,45.0,TIME_CONTROLLED,REGULAR
2026-03-17 14:05:47,1.7,10.85,30.5,HEATING,HEATING,True,ZONE 1,17.9375,18.5,,,46.5,45.0,TIME_CONTROLLED,REGULAR
2026-03-17 15:15:48,1.3,10.91,31.5,STANDBY,STANDBY,True,ZONE 1,18.0625,17.5,,,46.0,45.0,TIME_CONTROLLED,REGULAR
2026-03-17 16:18:24,1.2,10.3,27.0,STANDBY,STANDBY,True,ZONE 1,18.0,17.5,,,45.5,45.0,TIME_CONTROLLED,REGULAR
2026-03-17 17:33:52,1.7,9.08,38.0,HEATING,HEATING,True,ZONE 1,18.25,19.5,,,48.0,45.0,TIME_CONTROLLED,REGULAR
2026-03-17 18:36:45,1.7,8.25,40.0,HEATING,HEATING,True,ZONE 1,18.5,18.5,,,43.0,45.0,TIME_CONTROLLED,CYLINDER_BOOST
2026-03-17 19:41:45,1.4,7.27,30.5,STANDBY,STANDBY,True,ZONE 1,18.4375,18.0,,,46.0,45.0,TIME_CONTROLLED,REGULAR
2026-03-17 20:20:55,1.3,6.69,28.5,STANDBY,STANDBY,True,ZONE 1,18.25,18.0,,,45.5,45.0,TIME_CONTROLLED,REGULAR
2026-03-17 21:02:50,1.2,6.6,26.5,STANDBY,STANDBY,True,ZONE 1,18.0,18.0,,,45.5,45.0,TIME_CONTROLLED,REGULAR
2026-03-17 21:52:51,1.6,5.94,26.0,HEATING,HEATING,True,ZONE 1,17.8125,18.0,,,45.0,45.0,TIME_CONTROLLED,REGULAR
2026-03-17 22:21:49,1.7,5.46,39.5,HEATING,HEATING,True,ZONE 1,17.9375,18.0,,,45.0,45.0,TIME_CONTROLLED,REGULAR
2026-03-17 22:58:12,1.7,5.22,41.0,HEATING,HEATING,True,ZONE 1,18.1875,18.5,,,44.5,45.0,TIME_CONTROLLED,REGULAR
2026-03-17 23:28:57,1.3,5.08,35.0,STANDBY,STANDBY,True,ZONE 1,18.1875,17.5,,,43.0,45.0,TIME_CONTROLLED,REGULAR
2026-03-17 23:54:26,1.3,4.91,32.0,STANDBY,STANDBY,True,ZONE 1,18.0625,17.5,,,43.0,45.0,TIME_CONTROLLED,REGULAR
2026-03-18 01:09:11,1.6,4.58,26.5,HEATING,HEATING,True,ZONE 1,17.75,18.0,,,42.0,45.0,TIME_CONTROLLED,REGULAR
2026-03-18 03:48:35,1.3,3.34,30.0,STANDBY,STANDBY,True,ZONE 1,17.9375,17.5,,,40.5,45.0,TIME_CONTROLLED,REGULAR
2026-03-18 05:21:27,1.6,2.77,59.0,HEATING,HEATING,True,ZONE 1,17.5625,18.5,,,39.0,45.0,TIME_CONTROLLED,REGULAR
2026-03-18 06:38:08,1.8,3.89,45.5,HEATING,HEATING,True,ZONE 1,17.9375,18.5,,,46.5,45.0,TIME_CONTROLLED,REGULAR
2026-03-18 07:39:47,1.3,5.78,35.0,STANDBY,STANDBY,True,ZONE 1,18.25,17.5,,,46.0,45.0,TIME_CONTROLLED,REGULAR
2026-03-18 08:28:33,1.2,7.03,30.0,STANDBY,STANDBY,True,ZONE 1,18.375,17.5,,,45.5,45.0,TIME_CONTROLLED,REGULAR
2026-03-18 09:13:02,1.2,8.47,26.5,STANDBY,STANDBY,True,ZONE 1,18.1875,17.5,,,45.5,45.0,TIME_CONTROLLED,REGULAR
2026-03-18 10:11:01,1.2,10.99,23.5,STANDBY,STANDBY,True,ZONE 1,18.0625,17.5,,,45.0,45.0,TIME_CONTROLLED,REGULAR
2026-03-18 11:07:58,1.2,13.0,21.5,STANDBY,STANDBY,True,ZONE 1,18.0,17.5,,,44.5,45.0,TIME_CONTROLLED,REGULAR
2026-03-18 11:57:16,1.2,13.78,20.0,STANDBY,STANDBY,True,ZONE 1,17.5625,17.5,,,44.0,45.0,TIME_CONTROLLED,REGULAR
2026-03-18 12:56:19,1.2,14.2,19.0,STANDBY,STANDBY,True,ZONE 1,17.625,17.5,,,43.5,45.0,TIME_CONTROLLED,REGULAR
